STT	Cauhoi	1	2	3	4	Dapan
1	Mục tiêu đảm bảo sống sót có nghĩa là:	Đặt mức giá thấp nhất có thể, chỉ cần không lỗ	Có thể đặt giá thấp hơn tổng chi phí sản xuất	Đặt một mức giá có thể thấp hơn tổng chi phí sản xuất nhưng bắt buộc phải cao hơn chi phí biến đổi	Cả A và B và C	3
2	Phân đoạn thị trường dựa trên tâm lý khách hàng bao gồm các tiêu thức sau, ngoại trừ:	Lối sống	Lòng tự hào về quyền sở hữu	Lý do mua hàng	Thái độ, Cá tính	3
3	Dựa vào nhu cầu tự nhiên của con người, nhà kinh doanh sẽ xác định được.	khả năng thanh toán của khách hàng	các thông số và đặc tinh cụ thể của sản phẩm mà thị trường cần	mong muốn của từng người hoặc một tập hợp người.	một chủng loại sản phẩm để đáp ứng một loại nhu cầu	4
4	Phân đoạn thị trường theo nguyên tắc hành vi phải dựa vào các biến số, ngoại trừ:	Lý do mua hàng	Lợi ích tìm kiếm	Lối sống	Mức độ trung thành	3
5	Những tiêu thức sau đây thuộc nhóm nhân khẩu học dùng để phân đoạn thị trường, ngoại trừ:	Giới tính.	Tuổi tác.	Lối sống	Thu nhập.	3
6	Hiểu một cách đầy đủ, marketing là công việc thuộc về ......	Bên nào tích cực hơn trong việc tìm kiếm cách trao đổi với bên kia	Người mua	Những người kinh doanh thương mại	Người bán	1
7	Thông tin sơ cấp có thể thu thập theo các phương pháp sau, ngoại trừ:	Quan sát.	Điều tra	Thực nghiệm.	Thu thập thông tin từ báo cáo của các cuộc nghiên cứu trước.	4
8	Các yếu tố ảnh hưởng tới quyết định về giá được bao gồm:	Các yếu tố bên trong	Các yếu tố bên ngoài	Các yếu tố vĩ mô và vì mô	A và B	4
9	Các sản phẩm mà người tiêu dùng thường so sánh về chất lượng, giá cả, kiểu dáng khi mua được gọi là sản phẩm:	Mua có lựa chọn	Mua theo nhu cầu đặc biệt	Mua ngẫu hứng	Mua theo nhu cầu thụ động	1
10	Các yếu tố bên trong ảnh hưởng tới quyết định về giá của doanh nghiệp bao gồm:	Các mục tiêu marketing và chi phi	Chiến lược định vị và 3P (sản phẩm, phân phối và xúc tiến)	Các mục tiêu marketing, chi phi, chiến lược định vị và 3P (sản phẩm, phân phối và xúc tiễn) và một số yếu tố khác như ai là người quyết định giá...	Các mục tiêu marketing, chi phi, chiến lược định vị và 3P (sản phẩm, phân phối và xúc tiến)	3
11	Trình tự của các câu hỏi trong phiếu điều tra khách hàng nên được sắp xếp theo đáp án nào sau đây:	Câu hỏi khó trả lời hoặc mang tính chất cá nhân nên để lên trước.	Xen kẽ các câu hỏi theo ý đồ của người điều tra.	Ngẫu nhiên theo ý muốn của người điều tra.	Câu hỏi khó trả lời hoặc mang tính chất cá nhân nên để sau.	4
12	Khi quyết định cung cấp dịch vụ đi kèm sản phẩm, người làm marketing nên căn cứ vào:	Yêu cầu về dịch vụ của khách hàng	Loại sản phẩm mà doanh nghiệp cung ứng ra thị trường	Năng lực của nhà cung cấp dịch vụ	Tất cả các đáp án trên (A,B,C)	4
13	Điều nào sau đây đúng với chủng loại hàng hoá?	Là tập hợp các nhóm chủng loại hàng hoá và các đơn vị hàng hoả do một người bán cụ thể đem chào bản cho người mua.	Là một nhóm hàng hoá có liên quan chặt chẽ với nhau do giống nhau về chức năng hay do bán chung cho cùng một nhóm khách hàng, hay cùng một kiểu phân phối, hay cùng một dãy giá.	Là một nhóm hàng hoá có liên quan chặt chẽ với nhau do một người bản cụ thể đem chảo bản cho người mua.	Là một nhóm hàng hoá có liên quan chặt chẽ với nhau và được doanh nghiệp chọn để tổ chức sản xuất và đưa ra thị trường.	2
14	Chiến lược marketing phân biệt được hiểu là việc:	Xây dựng các chiến lược marketing - mix khác nhau cho các đoạn thị trường khác nhau	Xây dựng các chiến lược marketing - mix khác nhau cho các đoạn thị trường tổng thể	Xây dựng một chiến lược marketing - mix cho tất cả các đoạn thị trường khác nhau	Xây dựng một chiến lược marketing - mix cho các đoạn thị trường khác nhau	1
15	Phân loại hàng tiêu dùng thường căn cứ vào:	Giá cả của hàng hóa.	Chu kỳ sống của chúng.	Đối tượng khách hàng mua.	Mức độ cấp thiết của nhu cầu.	4
16	Yếu tố nào dưới đây không tham gia vào quyết định về chính sách sản phẩm của doanh nghiệp:	Tính chất của sản phẩm .	Các chương trình khuyến mãi đi kèm sản phẩm.	Việc đặt tên hiệu sản phẩm.	Việc đóng gói sản phẩm.	2
17	Chọn và điền vào khoảng trống câu để hoàn chỉnh câu: Nhãn hiệu là .......... được dùng để xác nhận sản phẩm của một người bán hay nhóm người bán và để phân biệt chủng với sản phẩm của đối thủ cạnh tranh.	Từ ngữ, thuật ngữ, biểu trưng, hình vẽ và sự phối hợp giữa chúng	Thương hiệu của hàng hóa	Từ ngữ, thuật ngữ, biểu trưng, hình vẽ hoặc và sự phối hợp giữa chúng	Tên gọi, thuật ngữ, biểu trưng, hình về hoặc sự phối hợp giữa chúng	3
18	Theo góc độ người bán, giá là:	Chính sách duy nhất mang lại doanh thu cho doanh nghiệp	Khoản tiền mà người bán thu được khi bán một sản phẩm	Có xu hưởng đi lên	Cả A và B.	4
19	Đặc điểm của sản phẩm dịch vụ là:	Không cất trữ được và không ổn định	Tính vô hình, tỉnh lệ thuộc, tỉnh không cất trữ được và không ổn định.	Tính vô hình	Tỉnh lệ thuộc	2
20	Đối với hoạt động kinh doanh của doanh nghiệp, marketing có vai trò:	Đảm bảo cho hoạt động kinh doanh của doanh nghiệp hướng theo thị trường.	Đảm bảo đầy đủ, kịp thời nguồn tài chính cần thiết cho hoạt động sản xuất và tác nghiệp.	tăng giá trị gia tăng cho doanh nghiệp.	Thu hút và giữ người lao động giỏi cho doanh nghiệp.	1
21	Một doanh nghiệp cho rằng để phát triển sản xuất kinh doanh cần chủ trọng vào khẩu bán hàng và thực hiện khuyếch trương sản phẩm để tăng doanh số, doanh nghiệp đó tuân theo quan điểm marketing nào?	Định hướng sản xuất	Định hướng bán hàng	Định hướng sản phẩm	Định hướng marketing.	2
22	Đánh giá để lựa chọn thị trường mục tiêu cần dựa vào các tiêu thức sau, ngoại trừ:	Ý đổ của lãnh đạo doanh nghiệp	Mục tiêu và khả năng của doanh nghiệp	Sự hấp dẫn của thị trường	Qui mô và tăng trưởng của thị trường.	1
23	Chiến lược marketing không phân biệt áp dụng cho đoạn thị trường mục tiêu của doanh nghiệp được hiểu là việc:	áp dụng nhiều hệ thống marketing - mix cho các đoạn thị trường khác nhau.	áp dụng một hệ thống marketing – mix các đoạn thị trường.	áp dụng một hệ thống marketing - mix cho thị trường tổng thể.	áp dụng nhiều hệ thống marketing - mix cho nhiều đoạn thị trường.	3
24	Phân đoạn thị trường dựa trên hành vi của khách hàng bao gồm các tiêu thức, ngoại trừ:	Sự chung thành	Động cơ	Lý do mua hàng	Lợi ích mua hàng	2
25	Một doanh nghiệp bán một sản phẩm với các mức giá khác nhau cho đối tượng khác nhau, doanh nghiệp đó đang thực hiện:	Định giá phân biệt	Định giá dựa theo thời vụ	Định giá hai phần	Định giá dựa vào chi phí	1
26	Định vị thị trường là thiết kế sản phẩm và hình ảnh của doanh nghiệp nhằm:	Khuyếch trương những điểm khác biệt	Chiếm được một vị trí có giá trị trong tâm trí khách hằng mục tiêu.	Tất cả các đáp án trên đều đúng	Chiếm được một vị trí đặc biệt trong tâm trí khách hàng mục tiêu.	3
27	Khi đánh giá về qui mô và tăng trưởng của thị trường mục tiêu, các nhà marketing cần chú ý:	Nên chọn các đoạn thị trường nhỏ vì dễ thâm nhập.	Đoạn thị trường phải đủ lớn để bù đắp nỗ lực marketing.	Chọn đoạn thị trường quen thuộc.	Nên chọn các đoạn thị trường có quy mô lớn.	2
28	Phân đoạn thị trường theo nguyên tắc tâm lý phải dựa vào các biến số, ngoại trừ:	Lối sống	Giai tầng xã hội	Mức độ trung thành	Kiểu nhân cách	3
29	Điều nào sau đây cho thấy một sản phẩm là sản phẩm công nghiệp:	Sản phẩm được sử dụng để chế tạo thành sản phẩm khác.	Sản phẩm được người tiêu dùng cuối cùng sử dụng.	Sản phẩm tiêu dùng thiết yếu được phân phối rộng rãi trên thị trường.	Sản phẩm được siêu thị bán lẻ tổng hợp mua để bán lại kiếm lời.	1
30	Chức năng cơ bản của hoạt động marketing là:	Phát hiện và ứng dụng những công nghệ mới để tạo lợi thế cạnh tranh cho doanh nghiệp.	Tạo ra sản phẩm cho doanh nghiệp	Huy động vốn cho doanh nghiệp.	Tạo ra khách hàng cho doanh nghiệp	4
31	Khái niệm sản phẩm theo quan điểm của marketing liên quan đến	Bất cứ cái gì khách hàng có thể mua.	Bất cứ cái gì có thể marketing.	Bất cứ cái gì mang lại lợi ích cho khách hàng.	Bất cứ cái gì mang lại lợi ích cho khách hàng và có thể đem ra chào bán trên thị trường, thu hút sự chú ý mua sắm và sử dụng của khách hàng.	4
32	Đoạn thị trường có hiệu quả được hiểu là:	Một nhóm khách hàng mà doanh nghiệp có khả năng đáp ứng nhu cầu của họ	Có quy mô đủ lớn để tạo ra dòng tiền thu lớn hơn dòng tiền chi cho doanh nghiệp	Một nhóm khách hàng mà doanh nghiệp có khả năng đáp ứng mong muốn của họ	Bao gồm cả ba điều kiện trên.	4
33	Câu hỏi đóng có đặc trưng gì trong các đáp án sau:	Đưa lại khả năng cho người được hỏi trả lời bằng lý lẽ và ý kiến riêng của mình.	Chứa đựng toàn bộ các phương án có khả năng trả lời mà người được hỏi chỉ lựa chọn một trong số đó.	Có sẵn các câu trả lời mà người được hỏi có thể lựa chọn một vài đáp án trong đó.	Không đáp án nào đúng.	3
34	Những yếu tố nào không thuộc sản phẩm hiện thực:	Nhãn hiệu	Bao bi	Chất lượng.	Dịch vụ lắp đặt	4
35	Có thể khẳng định rằng:	Marketing và tiếp thị là hai hoạt động đồng nhất	Marketing và quảng cáo là hai hoạt động đồng nhất	Bản hàng là một khâu của hoạt động của marketing	Marketing và bán hàng là hai hoạt động đồng nhất	3
36	Phân đoạn thị trường theo cơ sở địa lý bao gồm các tiêu thức sau, ngoại trừ:	Quy mô gia đình	Vùng miền	Khí hậu.	Mật độ dân cư	1
37	Theo góc độ người mua, giá là:	Khoản tiền mà người mua phải trả cho người bán để có quyền sở hữu và sử dụng sản phẩm	Khoản tiền mà người bán đã tính toán hợp lý dựa trên giá thành sản xuất và lợi nhuận mong muốn của họ	Khoản tiền mà người mua phải trả cho người bán, nên họ mong muốn trả càng thấp càng tốt	Khoản tiền tương ứng với giá trị của sản phẩm	1
38	Điều nào sau đây đúng với danh mục hàng hoá?	Là một nhóm hàng hoá có liên quan chặt chẽ với nhau do một người bán cụ thể đem chào bán cho người mua	Là một nhóm hàng hoá cổ liên quan chặt chẽ với nhau và được doanh nghiệp chọn để tổ chức sản xuất và đưa ra thị trưởng	Là một nhóm hàng hoá có liên quan chặt chẽ với nhau do giống nhau về chức năng hay do bán chung cho cùng một nhóm khách hàng, hay cùng một kiểu phân phổi, hay cùng một dãy giá	Là tập hợp các nhóm chủng loại hàng hoá và các đơn vị hàng hoá do một người bán cụ thể đem chào bán cho người mua	4
39	Theo quan điểm marketing hiện đại, marketing là ...	Một dạng hoạt động của người tiêu dùng nhằm thỏa mãn những nhu cầu và mong muốn thông qua trao đổi.	Một dạng hoạt động của con người nhằm thỏa mãn những nhu cầu và mong muốn thông qua trao đổi.	Một dạng hoạt động của cá nhân nhằm thỏa mãn những nhu cầu và mong muốn thông qua trao đổi.	Một dạng hoạt động của tổ chức nhằm thỏa mãn những nhu cầu và mong muốn thông qua trao đổi.	2
40	Chọn một đoạn dưới đây để điền vào phần trống trong khái niệm …............ là tập hợp các đơn vị sàn phẩm do một người bán cụ thể đem chào bán cho người mua”	Chủng loại sản phẩm	Bề sâu chủng loại sản phẩm	Danh mục sản phẩm	Bề rộng chủng loại sản phẩm	3
41	Sự cân đối lợi nhuận của doanh nghiệp, thoả mãn nhu cầu của khách hàng và lợi ích xã hội là một đòi hỏi đối với nhà marketing theo quan điểm	Marketing đạo đức xã hội.	Marketing định hưởng thị trường.	Marketing định hướng sản phẩm.	Marketing định hướng sản xuất.	1
42	Đặt cửa hàng bán quần áo nữ trong ký túc xá sinh viên nữ là doanh nghiệp lựa chọn thị trường mục tiêu theo phương thức:	Tập trung vào một số đoạn thị trường.	Tập trung vào một đoạn thị trường.	Chuyên môn hoá theo sản phẩm.	Chuyên môn hoá theo thị trường.	2
43	Chiến lược marketing tập trung được hiểu là:	Xây dựng một chiến lược marketing - mix cho một số thị trường tổng thể	Xây dựng nhiều chiến lược marketing - mix cho thị trường tổng thể	Xây dựng các chiến lược marketing - mix khác nhau cho các đoạn thị trường tổng thể	Xây dựng một chiến lược marketing - mix duy nhất cho các nhóm khách hàng khác nhau	1
44	Sự hài lòng của khách hàng sau khi sử dụng hàng hóa tùy thuộc vào:	So sánh giữa giá trị tiêu dùng và kỳ vọng về sản phẩm	Kỳ vọng của người tiêu dùng về sản phẩm đó	So sánh giữa giá trị tiêu dùng và sự hoàn thiện của sản phẩm	Giá của hàng hóa đó cao hay thấp	1
45	Thông tin thứ cấp có thể thu thập từ các nguồn sau, ngoại trừ:	Các cuộc phỏng vấn khách hàng.	Báo cáo của các cuộc nghiên cứu trước.	Các ấn phẩm của cơ quan Nhà nước. 	Bảo cáo lỗ, lãi của doanh nghiệp.	1
46	Trong những ngày mới thành lập, công ty viễn thông VT cung ứng sản phẩm và dịch vụ với mức giá tương đối rẻ so với các doanh nghiệp khác trong cùng ngành. Đồng thời, công ty luôn không ngừng mở rộng danh mục các dịch vụ, gói cước điện thoại hấp dẫn để thu hút khách hàng. Như vậy, VT đã lựa chọn quan điểm quân trị marketing chủ đạo nào trong giai đoạn này?	Marketing tập trung vào sản xuất.	Marketing tập trung vào bán hàng.	Marketing tập trung vào sản phẩm.	Marketing tập trung vào khách hàng.	2
47	Để tim kiếm đoạn thị trường có hiệu quả, việc phân đoạn thị trường cần đảm bảo một số yêu cầu cơ bản sau, ngoại trừ:	Đo lường được và có quy mô đủ lớn	Không có sự khác biệt giữa các đoạn thị trường	Có tính khả thi	Có thể phân biệt được	2
48	Trao đổi không thể xảy ra được nếu thiếu các điều kiện sau đây, ngoại trừ:	Các bên được tự do trao đổi.	Hai bên đều có khả năng thực hiện hành vi trao đổi.	Hai bên được một bên nào đó thúc đẩy trao đổi.	Có hai bên có những vật có giá trị đối với bên kia và có ý định trao đổi.	3
49	Thuật ngữ nào đúng với phần trống trong khái niệm sau …................là một nhóm khách hàng có phản ứng như nhau đối với một tập hợp những kích thích marketing	Đoạn thị trường.	Người tiêu dùng.	Thị trường.	Nhóm khách hàng.	1
50	Khi quyết định về dịch vụ gắn liền với hàng hóa cung ứng cho khách hàng, người làm marketing phải giải quyết vấn đề sau:	Hình thức cung ứng dịch vụ	Mức độ dịch vụ cung ứng	Nội dung dịch vụ	Tất cả những vấn đề trên	4
51	Trong những điều kiện nêu ra dưới đây, điều kiện nào không nhất thiết phải thỏa mãn mà sự trao đổi tự nguyện vẫn diễn ra?	Mỗi bên được tự do chấp nhận hoặc từ chối đề nghị của bên kia.	Mỗi bên phải khả năng giao tiếp hoặc giao hàng	Ít nhất phải có 2 bên	Phái có sự trao đổi tiền giữa 2 bên	4
52	Hoạt động trao đổi mang tính thương mại được gọi là	Chuyển giao	Bán hàng	Giao dịch	Đổi hàng	3
53	Quan điểm tập trung vào sản xuất cho rằng: để thành công, doanh nghiệp cần ____:	Kích thích nhu cầu của khách hàng để tăng lượng bán	Bảo đảm lợi ích của khách hàng, doanh nghiệp và toàn xã hội	Sản xuất sản phầm với khối lượng lớn và mức giá rẻ	Hoàn thiện sản phẩm để thỏa mãn nhu cầu của khách hàng	3
54	Quan điểm tập trung hoàn thiện sản phẩm cho rằng: để thành công, doanh nghiệp cần _____	Xây dựng hệ thống cửa hàng hiện đại nhất	Tập trung sản xuất sản phẩm với giá thành rẻ	Tập trung mọi nguồn lực vào việc sản xuất ra những sản phẩm tốt nhất và không ngừng hoàn thiện nó	Chuú trọng đến lợi ích xã hội	3
55	Chiến lược định giá Hớt phần ngon cho sản phẩm mới là:	Đặt giá cao nhất	Đặt giá cao nhất có thể	DĐặt giá cao nhất so với các đối thủ cạnh tranh trong ngành	DĐặt giá cao hơn đối thủ cạnh tranh chính	2
56	Chiến lược bám chắc thị trường thường là	Đặt giá thấp nhằm hướng tới lợi nhuận trong dài hạn trên cơ sở có được thị phần lớn trong hiện tại	Đặt giá thấp nhằm theo đuổi mục tiêu giành được thị phần lớn	Khoông có phương án nào bên trên là đúng	Đặt giá thấp nhằm hướng tới lợi nhuận dài hạn trên cơ sở có được thị phần lớn trong hiện tại kết hợp với yếu tố hiệu quả theo quy mô	4
57	Đánh giá để lựa chọn thị trường mục tiêu cần dựa vào các tiêu thức sau, ngoại trừ:	Quy mô và tăng trưởng của thị trường	Ý đồ của lãnh đạo doanh nghiệp	Mục tiêu và khả năng của doanh nghiệp	Sự hấp dẫn của thị trường	2
58	Yếu tố nào không thuộc nhóm nhân khẩu:	Lạm phát	Quy mô và tốc độ tăng dân số	Cơ cấu dân số	Tốc độ đô thị hoá	
59	Lời phát biểu nào dưới đây thể hiện chính xác nhất quan điểm kinh doanh định hướng vào khách hàng:	Khách hàng đang cần sản phẩm Z, hãy tập trung nguồn lực sản xuất và marketing sản phẩm đó.	Chúng ta cố gắng bán những sản phẩm có chất lượng cao.	Doanh thu sẽ giảm hãy tập trung mọi khả năng để đẩy mạnh bán hàng.	Những chi phí cho khâu kiểm kê quá cao, chúng ta phải cắt giảm.	1
60	Xét theo chiều dài lịch sử, quan điểm quản trị marketing nào xuất hiện sớm nhất?	Marketing tập trung vào sản xuất.	Marketing tập trung vào khách hàng.	Marketing tập trung vào bán hàng.	Marketing tập trung vào sản phẩm	1
61	Những dữ liệu marketing sau đây đều là nguồn thông tin thứ cấp, ngoại trừ:	Một bài viết trên “Thời Báo kinh tế Việt Nam”	Quan sát khách hàng.	Thu thập giá bán lẻ từ các tạp chí marketing và báo chí chuyên ngành.	Dữ liệu của một tổ chức nghiên cứu.	2
62	Người tiêu dùng có thể là ...(1). hoặc ... (2).... hoặc...(3)..., đó là những người mua hàng hóa và dịch vụ để sử dụng cho cá nhân, hộ gia đình, tổ chức mà không nhằm mục đích bán lại.A. (1) cá nhân; (2) doanh nghiệp; (3) tư nhân.B. (1) doanh nghiệp; (2) hộ gia đình; (3) công cộng.C. (1) cá nhân; (2) hộ gia đình; (3) tổ chức.D. (1) doanh nghiệp; (2) hộ gia đình; (3) tư nhân.	(1) cá nhân; (2) doanh nghiệp; (3) tư nhân.	(1) doanh nghiệp; (2) hộ gia đình; (3) công cộng.	(1) cá nhân; (2) hộ gia đình; (3) tổ chức.	(1) doanh nghiệp; (2) hộ gia đình; (3) tư nhân.	3
63	Hoạt động kinh doanh theo định hướng marketing được hiểu đúng theo đáp án nào sau đây?	Tập trung sản xuất ra sản phẩm và tìm cách bán chúng.	Kích thích nhu cầu mua sắm của khách hàng để bán hàng.	Nghiên cứu nhu cầu của khách hàng và tìm cách thoả mãn nhu cầu của khách hàng trên cơ sở bảo đảm lợi ích khách hàng và mục tiêu của doanh nghiệp.	Hoàn thiện sản phẩm để đáp ứng nhu cầu của khách hàng.	3
64	Môi trường marketing vi mô bao gồm các yếu tố sau, ngoại trừ:	Thị trường và kênh marketing của doanh nghiệp.	Người cạnh tranh.	Các trung gian marketing.	Công nghệ và kỹ thuật.	4
65	TC là một doanh nghiệp chuyên sản xuất hàng mộc dân dụng mới ra đời. Tuy không phải là đơn vị có uy tín về các sản phẩm có độ bền hay kiểu dáng độc đáo, nhưng với một hệ thống cửa hàng được trưng bày bắt mắt, đội ngũ nhân viên bán hàng giàu kinh nghiệm được trả lương cao nên hầu như ít khách hàng nào có thể ra về mà không mua một món gì đó của họ. Với những đầu tư như vậy cho thấy TC đang theo đuổi quan điểm marketing nào sau đây?	Tập trung sản xuất 	Tập trung khách hàng.	Tập trung hoàn thiện sản phẩm.	Tập trung vào bán hàng.	4
66	Đáp án nào sau đây không thể hiện điểm khác nhau giữa quan điểm marketing định hướng khách hàng và quan điểm tập trung vào bán hàng?	Nghiên cứu thị trường, xác định khách hàng mục tiêu.	Sử dụng các chương trình khuyến mãi để khuyến khích khách hàng mua sản phẩm.	Tập trung vào sự hiểu biết nhu cầu của khách hàng.	Sử dụng công cụ marketing – mix phù hợp với nhu cầu của khách hàng mục tiêu.	4
67	Lựa chọn đáp án có câu nhận định đúng về quan điểm tập trung bán hàng? 	Nhà quản trị các doanh nghiệp cần phải tập trung vào việc tăng quy mô sản xuất và mở rộng phạm vi tiêu thụ.	Nhà quản trị các doanh nghiệp muốn thành công phải tập trung mọi nguồn lực vào việc tạo ra sản phẩm có chất lượng hoàn hảo nhất.	Nhà quản trị các doanh nghiệp muốn thành công cần phải tập trung mọi nguồn lực và sự cố gắng vào việc thúc đẩy tiêu thụ sản phẩm.	Nhà quản trị các doanh nghiệp muốn thành công cần phải xác định đúng cầu và mong muốn của thị trường mục tiêu và đáp ứng tốt bằng những phương thức ưu thế hơn đối thủ cạnh tranh.	3
68	Dựa vào nhu cầu tự nhiên của con người, nhà kinh doanh sẽ xác định được: *	các thông số và đặc tính cụ thể của sản phẩm mà thị trường cần	khả năng thanh toán của khách hàng.	một chủng loại sản phẩm để đáp ứng một loại nhu cầu	mong muốn của từng người hoặc một tập hợp người.	3
69	Khái niệm marketing hiện đại gợi ý rằng cơ hội lớn nhất mang lại thành công cho doanh nghiệp là:	Cung cấp những sản phẩm cải tiến liên tục.	Bảo đảm độ thoả dụng cao nhất cho người tiêu dùng.	Định giá bán sản phẩm cao để thu lợi nhuận.	Lượng sản phẩm bán tăng cao.	2
70	Theo quan điểm marketing, giá trị tiêu dùng sản phẩm được hiểu là:	Sự đánh giá của người tiêu dùng về khả năng của sản phẩm trong việc thỏa mãn nhu cầu của họ.	Lợi ích khách hàng nhận được từ dịch vụ hỗ trợ của người cung ứng.	Lợi ích khách hàng nhận được qua tiếp xúc với đội ngũ nhân sự của nhà cung ứng.	Lợi ích tinh thần khách hàng nhận được từ danh tiếng của nhà cung ứng.	1
71	Lựa chọn đáp án có câu nhận định đúng về quan điểm định hướng khách hàng?	Nhà quản trị các doanh nghiệp cần phải tập trung vào việc tăng quy mô sản xuất, hạ giá thành và mở rộng phạm vi tiêu thụ.	Nhà quản trị các doanh nghiệp muốn thành công phải tập trung mọi nguồn lực vào việc tạo ra sản phẩm có chất lượng hoàn hảo nhất.	Nhà quản trị các doanh nghiệp muốn thành công cần phải tập trung mọi nguồn lực và sự cố gắng vào việc thúc đẩy tiêu thụ và khuyến mại.	Nhà quản trị các doanh nghiệp muốn thành công cần phải xác định đúng nhu cầu và mong muốn của thị trường mục tiêu và đáp ứng tốt bằng những phương thức ưu thế hơn đối thủ cạnh tranh.	4
72	Yếu tố nào thuộc môi trường marketing vi mô:	Đối thủ cạnh tranh	Tự nhiên	Pháp luật	Văn hóa	1
73	Lựa chọn đáp án có câu nhận định đúng về quan điểm tập trung hoàn thiện sản phẩm?	Nhà quản trị các doanh nghiệp cần phải tập trung vào việc tăng quy mô sản xuất và mở rộng phạm vi tiêu thụ.	Nhà quản trị các doanh nghiệp muốn thành công phải tập trung mọi nguồn lực vào việc tạo ra sản phẩm có chất lượng hoàn hảo nhất vì mọi khách hàng đều ưa thích sản phẩm cao cấp.	Nhà quản trị các doanh nghiệp muốn thành công cần phải tập trung mọi nguồn lực và sự cố gắng vào việc thúc đẩy tiêu thụ và khuyến mại.	Nhà quản trị các doanh nghiệp muốn thành công cần phải xác định đúng cầu và mong muốn của thị trường mục tiêu và đáp ứng tốt bằng những phương thức ưu thế hơn đối thủ cạnh tranh.	2
74	Câu nói của Charles Revson, Chủ tịch hãng Mỹ phẩm Revlon: “Tại nhà máy chúng tôi sản xuất nước hoa, tại cửa hàng chúng tôi bán niềm hy vọng” cho thấy quan điểm quản trị marketing nào?	Marketing tập trung vào sản phẩm	Marketing đạo đức - xã hội	Marketing tập trung vào sản xuất	Marketing định hướng khách hàng	4
75	Đáp án nào thể hiện đúng mục tiêu kinh doanh của doanh nghiệp theo quan điểm marketing đạo đức xã hội?	Chú trọng hoạt động chăm sóc khách hàng	Doanh nghiệp cần đảm bảo hài hòa lợi ích của khách hàng, xã hội, doanh nghiệp.	Chú trọng hoạt động nghiên cứu marketing	Quan tâm tới nhu cầu và mong muốn của khách hàng	2
76	Sau khi thu thập dữ liệu, bước tiếp theo trong nghiên cứu marketing sẽ là:	Định ra giải pháp tốt nhất cho vấn đề.	Giải thích thông tin.	Phân tích thông tin.	Báo cáo kết quả	3
77	Công chúng trực tiếp của một doanh nghiệp là:	Một nhóm bất kỳ quan tâm hoặc có ảnh hưởng đến khả năng đạt tới các mục tiêu đề ra của doanh nghiệp	Là những chủ thể luôn muốn giành giật khách hàng của doanh nghiệp	Là các công ty chuyên tổ chức lưu thông hàng hóa	Là các tổ chức hỗ trợ tài chính cho doanh nghiệp	1
78	Lựa chọn câu nhận đúng về nhận biết nhu cầu trong các đáp án sau:	là cảm giác của người tiêu dùng về một sự khác biệt giữa trạng thái hiện có với trạng thái mong muốn	là việc người tiêu dùng tìm kiếm thông tin liên quan đến sản phẩm có thể thỏa mãn ước muốn của mình	là việc người tiêu dùng xử lý các thông tin để đánh giá các thương hiệu có khả năng thay thế nhau	là việc người tiêu dùng đưa ra quyết định mua	1
79	Quan điểm marketing tập trung vào hoàn thiện sản phẩm có thể áp dụng thành công trong điều kiện nào trong các đáp án sau đây?	Người tiêu dùng ưa thích sản phẩm giá rẻ.	Người tiêu dùng không đề cao chất lượng và tính năng mới của sản phẩm.	Người tiêu dùng ưa thích những sản phẩm có chất lượng cao nhất, nhiều công dụng và tính năng mới.	Nhu cầu về mua sắm sản phẩm vượt quá khả năng cung ứng.	3
80	Thành phần nào dưới đây không thuộc hệ thống thông tin marketing:	Hệ thống báo cáo nội bộ.	Hệ thống thu nhận thông tin từ môi trường.	Hệ thống tình báo marketing.	Hệ thống phân tích thông tin.	3
81	Dữ liệu sơ cấp có thể thu thập được bằng phương pháp:	Quan sát.	Thực nghiệm	Điều tra/ phỏng vấn	Tất cả các phương pháp trên	4
82	Môi trường marketing vi mô bao gồm các yếu tố sau, ngoại trừ:	Giới công chúng	Trung gian marketing	Nhà cung ứng	Tự nhiên	4
83	Nhà máy xe đạp Biên Hòa, trung thành với dòng sản phẩm xe đạp. Thời gian qua, nhà máy đã không ngừng cải tiến để xe đạp của mình luôn tốt hơn, đẹp hơn. Hiện nay, đây là nhà máy nổi tiếng với các kiểu xe đạp bền, đẹp. Doanh nghiệp này theo đuổi quan điểm marketing nào sau đây?	Tập trung sản xuất	Tập trung khách hàng.	Tập trung hoàn thiện sản phẩm.	Tập trung vào bán hàng	3
84	Dựa vào nhu cầu tự nhiên của con người, nhà kinh doanh sẽ xác định được gì? *	Một chủng loại sản phẩm để đáp ứng một loại nhu cầu	Các thông số và đặc tính cụ thể của sản phẩm mà thị trường cần	Khả năng thanh toán của khách hàng	Mong muốn của từng người hoặc một tập hợp người.	1
85	Sau khi thu thập các dữ liệu, bước kế tiếp trong tiến trình nghiên cứu marketing sẽ là:	Báo cáo những tìm tòi.	Phân tích thông tin.	Trình bày những kết luận cho quản lý.	Mong muốn của từng người hoặc một tập hợp người.	2
86	Đáp án nào thể hiện đúng quan điểm marketing hiện đại?	Một sản phẩm có chất lượng tốt và nhiều tính năng sẽ tự tìm được khách hàng	Nếu một khách hàng bị thuyết phục mua một sản phẩm, họ sẽ thích sản phẩm đó	Cần phải bán sản phẩm thật rộng rãi với giá hạ	Xác định khách hàng muốn gì rồi bán cho họ sản phẩm mà họ muốn	4
87	Câu nói “làm thế nào để khách hàng bỏ phiếu bằng đô la cho sản phẩm của doanh nghiệp” thể hiện quan điểm marketing nào trong các đáp án sau?A. Tập trung sản xuấtB. Tập trung vào khách hàng.C. Tập trung hoàn thiện sản phẩm. D. Tập trung vào bán hàng.	Tập trung sản xuất	Tập trung vào khách hàng.	Tập trung hoàn thiện sản phẩm.	Tập trung vào bán hàng.	2
88	Theo quan điểm marketing hiện đại, để kinh doanh thành công, doanh nghiệp chỉ cần tập trung vào mục tiêu nào trong các đáp án sau?	Cung cấp cho khách hàng những sản phẩm hoàn hảo nhất.	Đầu tư hệ thống cửa hàng hiện đại nhất	Thoả mãn mong muốn của khách hàng bằng những phương thức hữu hiệu hơn so với các đối thủ cạnh tranh.	Huấn luyện đội ngũ nhân viên bán hàng chuyên nghiệp.	3
89	Sự cân đối giữa lợi nhuận của doanh nghiệp, thoả mãn nhu cầu của khách hàng và lợi ích xã hội là một đòi hỏi đối với nhà marketing theo quan điểm nào? *	Marketing định hướng thị trường.	Marketing định hướng sản xuất.	Marketing đạo đức xã hội.	Marketing định hướng sản phẩm.	3
90	Môi trường marketing vĩ mô bao gồm những yếu tố sau, ngoại trừ:	Nhân khẩu	Kinh tế	Văn hóa	Nhà cung ứng	4
91	Giai đoạn nào thực hiện tiếp sau nhận biết nhu cầu trong quá trình quyết định mua của người tiêu dùng theo lý thuyết:	Tìm kiếm thông tin	Đánh giá các phương án	Quyết định mua	Đánh giá sau mua	1
92	Đáp án nào thể hiện đúng ưu điểm của thông tin thứ cấp (Secondary information):	Nhanh và rẻ hơn thông tin sơ cấp (Primary information).	Độ tin cậy cao hơn thông tin sơ cấp.	Chi phí tốn kém hơn thu thập thông tin sơ cấp	Mất nhiều thời gian thu thập hơn thông tin sơ cấp	1
93	Trao đổi không thể xảy ra được nếu thiếu các điều kiện sau đây, ngoại trừ?	Có hai bên có những vật có giá trị đối với bên kia và có ý định trao đổi.	Hai bên được một bên nào đó bắt buộc trao đổi.	Các bên được tự do trao đổi.	Hai bên đều có khả năng thực hiện hành vi trao đổi.	2
94	Vai trò của marketing đối với doanh nghiệp được thể hiện trong đáp án nào? *	Tiếp thị sản phẩm và dịch vụ tới khách hàng	Tạo sự kết nối các hoạt động của doanh nghiệp với thị trường	Thúc đẩy tiêu thụ càng nhiều càng tốt	Đáp ứng các yêu cầu của cộng đồng	2
95	Hãng hàng không X định giá vé hạng một bay ngày là 189 USD, hạng hai bay đêm là 149 USD, chiến lược giá phân biệt này căn cứ vào:	Theo hạng hàng hóa	Theo thời gian	Theo loại khách hàng	Theo hạng hàng hóa và theo mức độ nhu cầu	4
96	Khi xác định khoảng cách giá giữa các mức giá cho các loại hàng trong một chủng loại hàng, cần chú ý các nhân tố sau, ngoại trừ:	Tính chất của các loại sản phẩm	Mức giá của các sản phẩm cạnh tranh	Cách đánh giá của khách hàng về đặc điểm của các loại sản phẩm	Khả năng thanh toán của khách hàng	4
97	Một doanh nghiệp tung sản phẩm mới ra thị trường và sử dụng chiến lược giá Hớt phần ngon thì xu hướng sẽ là:	Duy trì giá đó cho đến khi sản phẩm bị loại khỏi thị trường	Duy trì giá đó cho đến khi có sản phẩm mới thay thế	Duy trì giá đó cho đến khi có sản phẩm cạnh tranh	Duy trì giá đó cho đến khi tiêu thụ chậm lại thì giảm giá	4
98	Chiến lược giá nào sau đây đúng với chiến lược giá phân biệt theo thời gian cao điểm và thấp điểm?	Giá vé máy bay hạng Business và Economy	Giá một cốc cà phê tại “quán cóc’ và tại khách sạn Melia	Giá cước điện thoại lúc 16 giờ và lúc 24 giờ	Giá vé tàu hoả cho nhà kinh doanh và cho sinh viên	3
99	Câu 1. Marketing truyền thống được bắt đầu với quan điểm tập trung vào…	Sản xuất	Khách hàng	Cả sản xuất và khách hàng.	Sản phẩm	1
100	Câu 2. Một đoạn thị trường sẽ được đánh giá là kém hấp dẫn nếu:	Doanh nghiệp dễ dàng thâm nhập.	Sự gia nhập của các đối thủ mới khá dễ dàng.	Khó có khả năng thay thế sản phẩm	Người mua ít có khả năng chi phối về giá	2
101	Câu 3. Sự cân đối lợi nhuận của doanh nghiệp, thoả mãn nhu cầu của khách hàng và lợi ích xã hội là một đòi hỏi đối với nhà marketing theo quan điểm	Marketing định hướng thị trường	Marketing định hướng sản xuất.	Marketing đạo đức xã hội.	Marketing định hướng sản phẩm	3
102	Câu 4. Trao đổi không thể xảy ra được nếu thiếu các điều kiện sau đây, ngoại trừ	Có hai bên có những vật có giá trị đối với bên kia và có ý định trao đổi.	Hai bên được một bên nào đó thúc đẩy trao đổi.	Các bên được tự do trao đổi.	Hai bên đều có khả năng thực hiện hành vi trao đổi.	2
103	Câu 5. Môi trường marketing vi mô bao gồm các yếu tố sau, ngoại trừ	Thị trường và kênh marketing của doanh nghiệp.	Người cạnh tranh	Các trung gian marketing.	Công nghệ và kỹ thuật	4
104	Câu 6. Khác nhau cơ bản của quan điểm bán hàng và quan điểm marketing là	Bán hàng bắt đầu từ nghiên cứu nhu cầu của khách hàng	Bán hàng nhằm mục tiêu đạt lợi nhuận nhờ tăng lượng bán.	Bán hàng tập trung vào sự hiểu biết nhu cầu của khách hàng	Bán hàng sử dụng công cụ marketing -mix	2
105	Câu 7. Marketing mục tiêu được hiểu là	Tập trung sản xuất ra sản phẩm và tìm cách bán chúng.	Kích thích nhu cầu mua sắm của khách hàng để bán hàng	Nghiên cứu và tìm cách thoả mãn nhu cầu của khách hàng trên cơ sở bảo đảm lợi ích khách hàng và mục tiêu của doanh nghiệp.	Hoàn thiện sản phẩm để đáp ứng nhu cầu của khách hàng	3
106	Câu 8. Sản phẩm trong marketing phải bao gồm những đặc trưng sau, ngoại trừ	Một thứ nào đó có khả năng chào bán	Một thứ nào đó có khả năng thoả mãn nhu cầu	Một thứ nào đó có khả năng gây chú ý và kích thích tiêu dùng	Một thứ nào đó có sẵn trong tự nhiên	4
107	Câu 9. Thông tin thứ cấp thường có thể thu thập được	Nhanh và rẻ hơn thông tin sơ cấp	Chính xác hơn thông tin sơ cấp	Qua điều tra khách hàng	Qua điều tra khách hàng và các nguồn tài liệu	1
108	Câu 10. Khi bạn đang lật giở cuốn “thực đơn” của một nhà hàng để chọn món ăn cho bữa tối là bạn đang ở giai đoạn nào trong quá trình đi đến quyết định mua?	Tìm kiếm thông tin.	Phân tích thông tin	Đánh giá phương án	Nhận biết nhu cầu của mình.	3
109	Câu 11. Nghiên cứu marketing nhằm mục đích:	Định giá bán sản phẩm cao hơn	Mang lại cho các nhà marketing những thông tin về môi trường marketing và hành vi của khách hàng tiềm năng	Để thâm nhập thị trường	Để tổ chức phân phối sản phẩm	2
110	Câu 12. Thị trường mục tiêu của doanh nghiệp là đọan thị trường:	Doanh nghiệp đang cạnh tranh với những người cạnh tranh	Doanh nghiệp đang bán sản phẩm của mình.	Doanh nghiệp đang có doanh thu và lợi nhuận cao	Doanh nghiệp lựa chọn hướng mọi nỗ lực marketing vào.	4
111	Câu 13. Theo quan điểm marketing, thị trường tiềm năng là	Là tổng thể những người mua sản phẩm của doanh nghiệp.	Là những khách hàng đang và sẽ mua sản phẩm của doanh nghiệp.	Là tập hợp những người chưa mua sản phẩm của doanh nghiệp và đang mua sản phẩm của người cạnh tranh	Là thị trường hiện tại của doanh nghiệp cộng với thị trường mở rộng mới của doanh nghiệp	3
112	Câu 14. Trình tự của các câu hỏi trong phiếu điều tra khách hàng có thể sắp xếp	Bất kỳ theo ý muốn của người điều tra	Câu hỏi khó trả lời hoặc mang tính chất cá nhân nên để lên trước	Câu hỏi khó trả lời hoặc mang tính chất cá nhân nên để sau	Xen kẽ các câu hỏi theo ý đồ của người điều tra	3
113	Câu 15. Một cuộc nghiên cứu marketing xác định được rằng nếu chấp nhận giảm giá 10% thì doanh thu tăng ít nhất 15%, đó là một cuộc nghiên cứu	Thứ yếu	Thăm dò	Sơ cấp	Thứ cấp	3
114	Câu 16. Một sản phẩm đã ở giai đoạn suy thoái trên thị trường hiện tại vẫn có thể	ở giai đoạn giới thiệu của thị trường mới.	ở giai đoạn tăng trưởng của thị trường hiện tại.	ở giai đoạn bão hoà của thị trường mới.	ở giai đoạn tăng trưởng của thị trường mới.	1
115	Câu 17. Một sản phẩm đang ở mức tiêu thụ chậm do năng lực sản xuất sản phẩm thấp, kênh tiêu thụ chưa mở rộng, khách hàng chưa biết nhiều về sản phẩm là đang ở giai đoạn nào sau đây trong chu kỳ sống của nó?	Giới thiệu.	Tăng trưởng	Bão hòa	Suy thoái	1
116	Câu 18. Nghiên cứu chu kỳ sống sản phẩm có ý nghĩa nào sau đây đối với người làm marketing?	Phối hợp có hiệu quả các bộ phận của marketing –mix và thực hiện chiến lược liên kết sản phẩm với thị trường có hiệu quả.	Chuẩn bị nguồn tài chính cho sản xuất sản phẩm mới.	Lập kế hoạch kinh doanh của doanh nghiệp	Tăng hiệu quả kinh doanh	1
117	Câu 19. Bất cứ cái gì mang lại sự thoả mãn cho nhu cầu con người và có thể chào bán trên thị trường đều được gọi là	Một thứ có giá trị	Một sản phẩm	Một thứ có thể mua bán	Một vật quan trọng	2
118	Câu 20. Từ góc độ marketing, một sản phẩm được coi là có chất lượng tốt khi	Sản xuất theo đúng thiết kế sản phẩm	Tuân theo tiêu chuẩn chất lượng đã qui định sẵn	Khi khách hàng nói rằng sản phẩm có chất lượng tốt	Đáp ứng được yêu cầu của doanh nghiệp và nhà quản lý	3
119	Câu 21. Lợi nhuận của sản phẩm thường đạt tới đỉnh ở gần cuối giai đoạn nào trong chu kỳ sống?	Giới thiệu.	Tăng trưởng	Trưởng thành	Bão hoà	4
120	Câu 22. Đặt cửa hàng quần áo nữ trong khu nội trú sinh viên nữ là phương án lựa chọn thị trường	Tập trung vào một đoạn thị trường	Chuyên môn hoá tuyển chọn	Chuyên môn hoá theo thị trường	Chuyên môn hoá theo sản phẩm	1
121	Câu 23. Có thể khẳng định rằng:	Marketing và bán hàng là hai thuật ngữ đồng nghĩa	Marketing và bán hàng là hai thuật ngữ khác biệt nhau.	Bán hàng bao hàm marketing	Marketing khác biệt với hoạt động bán hàng.	2
122	Câu 24. Điều nào sau đây đúng với khái niệm thị trường mục tiêu trong marketing của doanh nghiệp?	Là những nhóm khách hàng mà doanh nghiệp cần tập trung mọi nỗ lực marketing để thu hút	Là những nhóm khách hàng đã và đang tiêu dùng sản phẩm của doanh nghiệp	Là những nhóm khách hàng đã và đang tiêu dùng sản phẩm của doanh nghiệp và người cạnh tranh	Là khách hàng có nhu cầu đang tìm kiếm người cung ứng và đang lựa chọn giữa những lời chào hàng	1
123	Câu 25. Chiến lược marketing của doanh nghiệp hướng tới một nhóm người tiêu dùng thì được gọi là:	Chiến lược marketing tiêu dùng	Chiến lược marketing mục tiêu	Chiến lược marketing nhằm thúc đẩy bán lẻ	Chiến lược marketing củng cố thị trường nội địa.	2
124	Câu 26. Nếu áp dụng marketing -mix giống nhau đối với các đoạn thị trường, điều đó sẽ làm cho:	Chi phí marketing tăng.	Chi phí marketing giảm	Chi phí marketing không tăng, không giảm	Chi phí marketing tăng giảm thất thường	2
125	Câu 27. Những nhóm người có lối sống khác nhau mang lại cho các nhà marketing	Những đoạn thị trường phân biệt	Những đoạn thị trường tương đồng.	Không thể phân đoạn dựa vào lối sống	Những đoạn thị trường tổng thể	1
126	Câu 28. Doanh nghiệp muốn đạt được lợi nhuận, khi sử dụng các yếu tố của marketing -mix cần phải	Coi sản phẩm là vấn đề quan trọng nhất.	Coi giá cả là yếu tố duy nhất	Kết hợp cả bốn yếu tố của marketing -mix.	Chỉ cần sử dụng một trong bốn yếu tố marketing -mix là đủ	3
127	Câu 29. Giai đoạn thứ nhất trong quá trình đi đến quyết định mua của người tiêu dùng là:	Tìm kiếm thông tin	Tìm kiếm bằng trí nhớ.	Đánh giá những đề xuất	Nhận ra vấn đề	4
128	Câu 30. Bạn là người kết hợp trang phục rất trang nhã, mọi người thường hỏi bạn về thời trang. Vậy bạn là:	Người dẫn dắt dư luận	Người mua	Người mẫu.	Người biết làm vừa lòng	1
129	Câu 31. Sự thoả mãn sau khi mua tuỳ thuộc vào	Giá của hàng hoá cao hay thấp	ự mong đợi của người tiêu dùng	Sự mong đợi của người tiêu dùng và sự hoàn thiện của sản phẩm	Kết quả so sánh giữa chi phí bỏ ra và lợi ích thu được từ sản phẩm	4
130	Câu 32. Động cơ của người mua được hiểu là:	Hành vi mang tính định hướng	Là nhu cầu đã trở nên bức thiết mà con người phải hành động để thoả mãn.	Là một trạng thái kích thích của môi trường.	Là một loại nhu cầu ở thứ hạng cao.	2
131	Câu 33. Điều nào sau đây đúng với nhiệm vụ của nhà marketing?	Thiết kế sản phẩm đáp ứng nhu cầu của khách hàng	Hiểu được những gì xảy ra trong “hộp đen ý thức người mua”	Thực hiện khuyến mại liên tục để kích thích người mua	Làm việc với các nhà sản xuất để mua hàng hóa/ dịch vụ	2
132	Câu 34. Doanh nghiệp General Motor chuyên sản xuất ô tô, các loại ôtô của doanh nghiệp được gọi là	Chủng loại sản phẩm	Danh mục sản phẩm	Nhóm chủng loại sản phẩm	Các cách gọi trên đều sai	1
133	Câu 35. Khái niệm marketing gợi ý rằng việc hoàn thành mục tiêu của doanh nghiệp phải thông qua:	Lượng bán hàng gia tăng	Cung cấp những sản phẩm cải tiến liên tục	Bảo đảm độ thoả dụng cao nhất cho người tiêu dùng	Định giá bán sản phẩm cao để thu lợi nhuận	3
134	Câu 36. Hàng điện tử thông dụng được xếp vào nhóm Sản phẩm lâu bền, hữu hình là cách phân loại sản phẩm theo tiêu chí nào sau đây:	Theo thời gian và hình thái tồn tại	Theo thói quen mua hàng	Theo công dụng sản phẩm	Theo trạng thái tồn tại.	1
135	Câu 37. Định nghĩa marketing cổ điển cho thấy	Marketing là sự dự đoán, quản lý và thoả mãn nhu cầu thông qua trao đổi	Marketing là hướng luồng hàng hoá và dịch vụ từ nơi sản xuất đến nơi tiêu dùng	Marketing là nghiên cứu nhu cầu của khách hàng	Marketing là thoả mãn nhu cầu của khách hàng	2
136	Câu 38. Hoạt động trao đổi mang tính thương mại được gọi là	Chuyển giao	Giao dịch	Đổi hàng	Bán hàng	2
137	Câu 39. Môi trường marketing của một doanh nghiệp bao gồm	Những nhân tố nội bộ	Những nhân tố bên ngoài	Cả nhân tố nội bộ và nhân tố bên ngoài	Những nhân tố có thể kiểm soát được	3
138	Câu 40. Đe dọa của sản phẩm thay thế là một trong những yếu tố quyết định	Đoạn thị trường đó có qui mô như thế nào?	Đoạn thị trường đó có phù hợp với mục tiêu của doanh nghiệp không?	Đoạn thị trường đó có hấp dẫn không?	Đoạn thị trường đó có mang lại doanh thu không?	3
139	Câu 41. Các tiêu chuẩn đánh giá để lựa chọn thị trường mục tiêu cần dựa vào các tiêu thức sau, ngoại trừ	Qui mô và tăng trưởng của thị trường.	Sự hấp dẫn của thị trường	Mục tiêu và khả năng của doanh nghiệp	Ý đồ của lãnh đạo doanh nghiệp	4
140	Câu 42. Lợi nhuận của sản phẩm thường đạt tới đỉnh ở gần cuối giai đoạn nào trong chu kỳ sống?	Giới thiệu.	Tăng trưởng	Trưởng thành	Bão hoà	4
141	Câu 43. Khi quyết định cung cấp dịch vụ sản phẩm, người làm marketing nên	Xem xét yêu cầu về dịch vụ của khách hàng	Xem xét loại sản phẩm cung ứng ra thị trường	Xem xét năng lực của nhà cung cấp	Xem xét lợi nhuận của dịch vụ sản phẩm mang lại	1
142	Câu 44. Năm lực lượng cạnh tranh trên một thị trường ngành của Michael Porter là đối thủ cạnh tranh tiềm ẩn, đối thủ cạnh tranh trong ngành, sản phẩm thay thế, khách hàng và nhà cung cấp được các doanh nghiệp sử dụng để	Xác định mức độ cạnh tranh trong ngành	Xác định mức độ hấp dẫn của đoạn thị trường	Định vị sản phẩm	Hoạch định chính sách marketing hỗn hợp	2
143	Câu 45. Điều nào sau đây đúng với phân đoạn thị trường?	Là chia thị trường thành các nhóm khách hàng có các đặc điểm và nhu cầu tương đồng nhau.	Cho phép doanh nghiệp xây dựng một chương trình marketing phù hợp với toàn bộ thị trường.	Giúp cho doanh nghiệp phân bổ nguồn lực một cách có hiệu quả.	Đáp ứng yêu cầu kinh doanh của doanh nghiệp	1
144	Câu 46. Để định vị sản phẩm trên thị trường, thị trường doanh nghiệp cần:	Giảm giá bán sản phẩm.	Giảm chi phí để tăng lợi nhuận.	Làm cho sản phẩm của doanh nghiệp khác biệtvới sản phẩm cạnh tranh.	Làm cho sản phẩm có chất lượng cao hơn.	3
145	Câu 47. Đặt cho sản phẩm của doanh nghiệp những nhãn hiệu riêng biệt có ưu điểm:	Giảm chi phí quảng cáo khi tung một sản phẩm mới ra thị trường	Cung cấp thông tin riêng về sự khác biệt của các loại sản phẩm và ràng buộc uy tín của doanh nghiệp với một sản phẩm cụ thể.	Giảm chi phí quảng cáo và cung cấp thông tin riêng về sự khác biệt của các loại sản phẩm khi tung một sản phẩm mới ra thị trường	Cung cấp thông tin riêng về sự khác biệt của các loại sản phẩm và không ràng buộc uy tín của doanh nghiệp với một sản phẩm cụ thể	4
146	Câu 48. Điều nào sau đây cho thấy mức độ hài hoà của danh mục hàng hoá?	Các sản phẩm chào bán có mối quan hệ gắn bó về cácđặc tính sử dụng và cách thức sử dụng nhằm thoả mãn nhu cầu đa dạng của người tiêu dùng	Các sản phẩm chào bán có mối quan hệ gắn bó về các đặc tính sử dụng và cách thức sử dụng. Các sản phẩm có cùng thương hiệu hoặc thương hiệu có nhiều điểm tương tự nhau trong cùng danh mục hàng hoá	Phản ánh mức độ gần gũi của hàng hoá thuộc các nhóm chủng loại khác nhau dưới góc độ mục đích sử dụng, tổ chức sản xuất và phân phối	Mức độ đồng nhất của các loại hàng hoá về chất lượng, giá cả, mục đích sử dụng và cách thức phân phối	3
147	Câu 49. Để tăng thêm sự hấp dẫn của sản phẩm đối với khách hàng các doanh nghiệp thường cung ứng thêm các dịch vụ bổ sung. Theo anh/chị, khi cung ứng dịch vụ bổ sung cho khách hàng cần lưu ý những vấn đề gì?	Bằng chứng hữu hình và độ tin cậy của dịch vụ; Thái độ và trình độ hiểu biết của nhân viên cung ứng dịch vụ; Nên cung ứng dịch vụ gắn với sản phẩm hay tách riêng	Bằng chứng hữu hình và độ tin cậy của dịch vụ; Thái độ và trình độ hiểu biết của nhân viên cung ứng dịch vụ; Nên tính giá dịch vụ vào giá sản phẩm	Bằng chứng hữu hình và độ tin cậy của dịch vụ; Thái độ và trình độ hiểu biết của nhân viên cung ứng dịch vụ; Chất lượng của dịch vụ cung ứng; Nên tính giá dịch vụ vào giá sản phẩm hay tách riêng	Bằng chứng hữu hình và độ tin cậy của dịch vụ; Thái độ và trình độ hiểu biết của nhân viên cung ứng dịch vụ; Nên tính giá dịch vụ vào giá sản phẩm hay tách riêng	4
148	Câu 50. Câu nào sau đây thuộc diện thông tin do pháp luật qui định phải ghi?	Hút thuốc có hại cho sức khỏe	Đọc kỹ hướng dẫn trước khi dùng	Hàng Việt Nam chất lượng cao	Xem hạn dùng dưới đáy hộp	1
149	Câu 51. Doanh nghiệp General Motor chuyên sản xuất các loại ô tô, các loại ô tô của doanh nghiệp được gọi là	Chủng loại sản phẩm	Danh mục sản phẩm	Nhóm chủng loại sản phẩm	Các cách gọi trên đều sai	1
150	Câu 52. Hàng ngày, bạn sử dụng một chiếc xe đạp rất tốt để đi đến trường. Vậy lợi ích cốt lõi của chiếc xe đạp đó là gì?	Là phương tiện đi lại.	Là sự đắt tiền của nó hơn xe đạp của các bạn khác.	Nhờ sử dụng xe đạp mà sức khoẻ của bạn tăng lên	Là thể hiện sự sang trọng của bạn.	1
151	Câu 53. Từ góc độ của khách hàng, sản phẩm doanh nghiệp cung ứng cho khách hàng phải là	Sản phẩm hữu hình	Sản phẩm vô hình.	Sản phẩm hữu hình và vô hình.	Sản phẩm hữu hình và vô hình, mang lại sự thoả mãn nhu cầu.	1
152	Câu 54. Kinh doanh cần tìm kiếm lợi nhuận ở bộ phận nào sau đây của sản phẩm?	Sản phẩm.	Bao bì	Dịch vụ cung ứng cùng sản phẩm.	Ở cả sản phẩm, bao bì và dịch vụ cung ứng cùng sản phẩm.	4
153	Câu 55. Hàng điện tử thông dụng được xếp vào nhóm Sản phẩm lâu bền, hữu hình là phân loại sản phẩm	Theo thời gian và hình thái tồn tại	Theo thói quen mua hàng	Theo công dụng sản phẩm	Theo trạng thái tồn tại	1
154	Câu 56. Chức năng nào của bao bì thương mại sản phẩm được xem là “Người bán hàng im lặng”	Xúc tiến (Promotion)	Cân đối (Proportation)	Bảo vệ (Protection)	Giới thiệu (Presentation)	1
155	Câu 57. Sản phẩm trong marketing phải bao gồm những đặc trưng sau	Một thứ nào đó có khả năng chào bán	Một thứ nào đó có khả năng thoả mãn nhu cầu	Một thứ nào đó có khả năng gây chú ý và kích thích tiêu dùng	Tất cả các phương án trên	4
156	Câu 58. Một sản phẩm đã ở pha suy tàn trên thị trường hiện tại vẫn có thể là	ở pha giới thiệu của thị trường mới	ở pha tăng trưởng của thị trường hiện tại	ở pha bão hoà ở thị trường mới	ở pha tăng trưởng của thị trường mới	1
157	Câu 59. Một sản phẩm đang ở mức tiêu thụ chậm do năng lực sản xuất sản phẩm thấp, kênh tiêu thụ chưa mở rộng, khách hàng chưa biết nhiều về sản phẩm là đang ở giai đoạn nào sau đây trong chu kỳ sống (PLC) của nó?	Giới thiệu	Tăng trưởng	Bão hòa	Suy thoái	1
158	Câu 60. Nghiên cứu chu kỳ sống sản phẩm có ý nghĩa nào sau đây đối với người làm marketing?	Phối hợp có hiệu quả các bộ phận của chiến lược marketing – mix và thực hiện chiến lược liên kết sản phẩm với thị trường có hiệu quả.	Chuẩn bị nguồn tài chính cho sản xuất sản phẩm mới.	Lập kế hoạch kinh doanh của doanh nghiệp.	Tăng hiệu quả kinh doanh	1
159	Câu 61. Công việc nào sau đây nhà marketing không nên tiến hành nếu sản phẩm đang ở giai đoạn tăng trưởng trong chu kỳ sống (PLC) của nó?	Giữ và nâng cao chất lượng sản phẩm	Giữ nguyên hoặc tăng chi phí kích thích tiêu thụ	Tiếp tục thông tin mạnh mẽ về hàng hoá cho công chúng	Đánh giá và lựa chọn lại các kênh phân phối	1
160	Câu 62. Vận dụng lý thuyết chu kỳ sống sản phẩm vào hoạt động marketing, người làm marketing cần nhận thức được các điều sau đây, ngoại trừ:	Sản phẩm có thể bị loại khỏi thị trường ở giai đoạn suy thoái	Có thể thua lỗ trong suốt giai đoạn giới thiệu sản phẩm.	Thời kỳ bão hoà có thể kéo dài nếu điều chỉnh chiến lược sản phẩm.	Thời kỳ tăng trưởng ngắn là cần thiết để phát triển sản phẩm.	4
161	Câu 63. Một chu kỳ sống lý tưởng có các đặc trưng sau, ngoại trừ	Giai đoạn giới thiệu ngắn.	Giai đoạn tăng trưởng ngắn	Giai đoạn bảo hoà dài	Giai đoạn tăng trưởng dài.	4
162	Câu 64. Tất cả những dấu hiệu sau đây là những đặc điểm cấu thành một nhãn hiệu hàng hoá, ngoại trừ	Gợi ý về lợi ích của hàng hoá.	Tạo nên một hào quang đắt tiền.	Dễ đọc, dễ nhận biết và dễ nhớ	Có tính phân biệt.	2
163	Câu 65. Điều nào sau đây cho thấy bao gói hàng hoá trong điều kiện kinh doanh hiện nay là cần thiết, ngoại trừ	Sự phát triển của hệ thống cửa hàng tự phục vụ, tự chọn hàng hoá khi mua của khách hàng	Khách hàng sẵn sàng trả nhiều tiền hơn khi mua hàng hoá miễn là nó tiện lợi và sang trọng hơn	Bao gói sẽ làm tăng giá trị sử dụng của hàng hoá	Bao gói góp phần tạo hình ảnh về doanh nghiệp và nhãn hiệu hàng hoá, tạo khả năng và ý niệm về sự cải tiến hàng hoá	2
164	Câu 66. Đểnâng cao hiệu quả của bao gói hàng hóa, nhà quản trị marketing cần phải đưa ra các quyết định sau đây, ngoại trừ	Xây dựng quan niệm về bao gó	Quyết định về các yêu cầu và thử nghiệm bao gói	Quyết định về các thông tin trên bao bì	Quyết định về dịch vụ	4
165	Câu 67. Tại sao trong marketing bao bì lại trở nên quan trọng?	Do sự phát triển của hệ thống các cửa hàng tự động, các siêu thị, do thu nhập của khách hàng tăng và do bao bì tạo nên ý niệm về đổi mới sản phẩm, góp phân xây dựng hình ảnh sản phẩm và doanh nghiệp	Do sự phát triển của hệ thống các cửa hàng tự động, các siêu thị, do thu nhập của khách hàng tăng và do bao bì tạo nên ý niệm về đổi mới sản phẩm, do bao bì bảo vệ hàng hoá an toàn về số lượng và chất lượng	Do bao bì có chức năng bảo vệ, xúc tiến, mang vác, sẵn sàng, cân đối, giới thiệu và duy trì sản phẩm	Do khách hàng ngày càng trở nên khó tính và do bao bì tạo nên ý niệm về đổi mới sản phẩm, góp phân xây dựng hình ảnh sản phẩm và doanh nghiệp	4
166	Câu 68. Lợi ích cốt lõi của một sản phẩm được hiểu là:	Thoả mãn nhu cầu cụ thể của khách hàng và là điều khách hàng luôn hướng tới	Thoả mãn nhu cầu cụ thể của khách hàng nhưng khách hàng không chỉ hướng tới mà còn cần những đặc tính khác	Thoả mãn nhu cầu cụ thể của khách hàng và khách hàng luôn hướng tới nhưng đòi hỏi sự thay đổi cho phù hợp với nhu cầu	Thoả mãn nhu cầu cụ thể của khách hàng nhưng khách hàng hàng thường ít chú ý vì còn những đòi hỏi cao hơn về sản phẩm	1
167	Câu 69. Lợi ích bổ sung của một sản phẩm được hiểu là	Lợi ích tăng thêm do sản phẩm và dịch vụ bổ sung và cần có trong một sản phẩm nhưng chỉ có ý nghĩa với từng khách hàng cụ thể	Lợi ích tăng thêm do sản phẩm và dịch vụ bổ sung và luôn luồn cần thiết với mọi đối tượng khách hàng	Lợi ích tăng thêm do sản phẩm và dịch vụ bổ sung và sản phẩm sẽ có giá trị cao (bán được mức giá cao) cho khách hàng nếu có lợi ích này.	Lợi ích tăng thêm do sản phẩm và dịch vụ bổ sung và mọi khách hàng đều cần lợi ích bổ sung này, nhiều khi còn cần hơn lợi ích cót lõi	1
168	Câu 71. Khi doanh nghiệp lấy lợi nhuận mong đợi làm một trong các tiêu chuẩn xác định mức giá, doanh nghiệp này có thể là	hững doanh nghiệp sản xuất hàng tiêu dùng	Những doanh nghiệp công nghiệp độc quyền.	Những doanh nghiệp sản xuất tự do cạnh tranh	Doanh nghiệp công nghiệp độc quyền và tự do cạnh tranh	2
169	Câu 72. Một cửa hàng đã bán trọn gói máy vi tính, máy in, ổ đĩa CD và phần mềm sơ khởi thấp hơn giá mua từng loại thiết bị cộng lại là đã áp dụng kiểu chiến lược giá	Giá theo danh mục hàng hoá.	Giá khuyến mạ	Giá trọn gói	Giá phân biệt	3
170	Câu 73. Công viên nước Hồ Tây giảm giá vé cho các đoàn học sinh giỏi vào chơi là đã áp dụng kiểu chiến lược	Giá hai phần	Giá trọn gói	Giá phân biệt	Chiết giá thương mại	3
171	Câu 74. Một rạp hát tính giá vé cho sinh viên thấp hơn các khách hàng khác là áp dụng chiến lược giá:	Trọn gói	Hai phần	Có phân biệt	Ưu tiên	3
172	Câu 75. Với mục tiêu marketing là dẫn đầu thị phần thì doanh nghiệp nên đặt mức giá	Đặt mức giá tuỳ loại sản phẩm	Mức giá cao nhất có thể được	Mức giá thấp nhất có thể được	Điều chỉnh giá theo từng giai đoạn kinh doanh	3
173	Câu 76. Điều kiện nào sau đây thích hợp nhất cho doanh nghiệp áp dụng chiến lược giá “Hớt váng sữa”	Đường cầu thị trường ít co giãn	Sản phẩm đang ở giai đoạn tăng trưởng trong chu kỳ sống (PLC) của nó	Doanh nghiệp theo đuổi chiến lược kinh doanh đa mục tiêu	Doanh nghiệp có sản phẩm độc đáo, được bảo vệ bản quyền	4
174	Câu 77. Phương pháp định giá dựa vào chi phí có nhược điểm cơ bản nhất là	Doanh nghiệp có thể bị lỗ.	Không tính đến nhu cầu của thị trường	Chi phí cố định trung bình giảm khi sản phẩm sản xuất tăng	Chi phí sản xuất tăng giảm ở các mức sản lượng khác nhau	2
175	Câu 78. Trong trường hợp nào sau đây thì doanh nghiệp phải chấp nhận định giá sản phẩm thấp hơn chi phí sản xuất	Dẫn đầu về thị phần	Dẫn đầu về chất lượng	Bảo đảm sống sót.	Gặt hái nhanh.	3
176	Câu 79. Thị phần gia tăng sẽ dẫn tới lợi nhuận lớn hơn nếu	Chi phí đơn vị giảm	Doanh nghiệp cung ứng một loại sản phẩm có chất lượng tốt hơn với giá như cũ	Doanh nghiệp áp dụng chiến lược đáp ứng thị trường không tập trung	Doanh nghiệp tăng thị phần nhờ giảm giá	1
177	Câu 80. Nhược điểm chủ yếu của phương pháp định giá theo chi phí là	Thường dẫn đến thua lỗ hơn là tạo ra lợi nhuận	Chi phí sản xuất tăng khi sản lượng tăng	Chi phí biến đổi tăng khi sản lượng tăng	Không tính đến nhu cầu thị trường	4
178	Câu 81. Khi doanh nghiệp muốn có một tỷ lệ lợi nhuận nhất định trên vốn đầu tư, cần sử dụng phương pháp	Xác định giá thep phương pháp hoà vốn	Xác định giá theo lợi nhuận mục tiêu	Xác định giá từ chi phí trung bình	Xác định giá dựa vào mức giá hiện hành	2
179	Câu 82. Điều đầu tiên phải thực hiện khi định giá bán sản phẩm của một doanh nghiệp là	Ước lượng chi phí	Xác định lượng cầu	Phân tích giá của hãng cạnh tranh	Chọn mục tiêu định giá	4
180	Câu 83. Nếu chi phí sản xuất sản phẩm của doanh nghiệp cao hơn đối thủ cạnh tranh, doanh nghiệp khó thành công khi	Cạnh tranh về chất lượng.	Cạnh tranh về giá	Cạnh tranh về giá và chất lượng	Hoàn toàn có thể cạnh tranh được	2
181	Câu 84. Một cửa hàng đặt giá “3.999 VND/ sản phẩm A” là đã khai thác yếu tố nào sau đây khi định giá sản phẩm?	Định giá thấp để thu hút khách hàng	Sự nhạy cảm về giá của khách hàng	Giá hàng hoá rẻ do chất lượng thấp	Sự ngộ nhận về giá	4
182	Câu 85. Doanh nghiệp nên chủ động cắt giảm giá bán sản phẩm trong các tình huống sau, ngoại trừ	Do nạn “lạm phát chi phí”	Do dư thừa năng lực sản xuất	Do tỷ phần thị trường giảm sút	Do mục đích khống chế thị trường	1
183	Câu 86. Quyết định về giá sản phẩm sản xuất trong nước xuất khẩu ra thị trường nước ngoài cần lưu ý nhân tố nào nhất trong các các nhân tố sau	Nhu cầu thường khác nhau trên các đoạn thị trường	Chi phí thường rất khác nhau giữa các thị trường	Giá bán phải dựa trên giá nội địa	Nhu cầu và chi phí khác nhau ở các đoạn thị trường khác nhau	4
184	Câu 87. Phương pháp định giá sát nhất với giá cả của người cạnh tranh là	Định giá theo thị trường	Định giá theo giá trị cảm nhận của khách hàng	Định giá theo lợi nhuận mục tiêu	Định giá theo mức giá hiện hành	4
185	Câu 88. Tất cả những điều sau đây có thể buộc doanh nghiệp phải giảm giá bán sản phẩm, ngoại trừ	Dư thừa khả năng sản xuất sản phẩm	Thực hiện phương pháp quản lý chi phí thấp	Sự trung thành của khách hàng với thương hiệu sản phẩm giảm sút	Giảm bớt thị phần trong thời kỳ kinh tế bị suy thoái	2
186	Câu 89. Doanh nghiệp có thể phải tăng giá khi phải đối mặt với những vấn đề sau đây	Dư thừa khả năng sản xuất sản phẩm	Lượng cầu tăng quá mức	Sự trung thành của khách hàng với thương hiệu sản phẩm giảm sút	Giảm bớt thi phần	2
187	Câu 90. Điều nào sau đây đúng với chiến lược giá theo chủng loại hàng hoá?	Giá trả cho phần sản phẩm tối thiểu bắt buộc và phần sản phẩm tiêu dùng thêm trong một chủng loại hàng hoá	Giá cho sản phẩm cùng loại với chất lượng khác nhau	Giá cho sản phẩm chính và sản phẩm phụ trong một chủng loại hàng hoá	Giá cho sản phẩm chính và sản phẩm kèm theo bắt buộc	2
188	Câu 92. Một doanh nghiệp tung sản phẩm mới ra thị trường và sử dụng chiến lược giá Hớt phần ngon thì xu hướng sẽ là	Duy trì giá đó cho đến khi sản phẩm bị loại khỏi thị trường	Duy trì giá đó cho đến khi có sản phẩm mới thay thế	Duy trì giá đó cho đến khi có sản phẩm cạnh tranh	Duy trì giá đó cho đến khi tiêu thụ chậm lại thì giảm giá	4
189	Câu 93. Khi xác định khoảng cách giá giữa các mức giá cho các loại hàng trong một chủng loại hàng, cần chú ý các nhân tố sau, ngoại trừ	Tính chất của các loại sản phẩm	Mức giá của các sản phẩm cạnh tranh	Cách đánh giá của khách hàng về đặc điểm của các loại sản phẩm	Khả năng thanh toán của khách hàng	4
190	Câu 94. Hãng hàng không X định giá vé hạng một bay ngày là 189 USD, hạng hai bay đêm là 149 USD, chiến lược giá phân biệt này căn cứ vào	Theo hạng hàng hóa	Theo thời gian	Theo loại khách hàng	Theo hạng hàng hóa và theo mức độ nhu cầu	4
191	Điều nào sau đây đúng với chiến lược giá theo chủng loại hàng hoá?	Giá trả cho phần sản phẩm tối thiểu bắt buộc và phần sản phẩm tiêu dùng thêm trong một chủng loại hàng hoá	Giá cho sản phẩm cùng loại với chất lượng khác nhau	Giá cho sản phẩm chính và sản phẩm phụ trong một chủng loại hàng hoá	Giá cho sản phẩm chính và sản phẩm kèm theo bắt buộc	2
192	Quyết định về giá sản phẩm sản xuất trong nước xuất khẩu ra thị trường nước ngoài cần lưu ý nhân tố nào nhất trong các các nhân tố sau:	Nhu cầu thường khác nhau trên các đoạn thị trường.	Chi phí thường rất khác nhau giữa các thị trường.	Giá bán phải dựa trên giá nội địa.	Nhu cầu và chi phí khác nhau ở các đoạn thị trường khác nhau.	4
193	Khi doanh nghiệp muốn có một tỷ lệ lợi nhuận nhất định trên vốn đầu tư, cần sử dụng phương pháp:	Xác định giá thep phương pháp hoà vốn.	Xác định giá theo lợi nhuận mục tiêu.	Xác định giá từ chi phí trung bình.	Xác định giá dựa vào mức giá hiện hành.	2
194	61. Công việc nào sau đây nhà marketing không nên tiến hành nếu sản phẩm đang ở giai đoạn tăng trưởng trong chu kỳ sống (PLC) của nó?	Giữ và nâng cao chất lượng sản phẩm.	Giữ nguyên hoặc tăng chi phí kích thích tiêu thụ.	Tiếp tục thông tin mạnh mẽ về hàng hoá cho công chúng.	Đánh giá và lựa chọn lại các kênh phân phối	1
195	Sản phẩm trong marketing phải bao gồm những đặc trưng sau:	Một thứ nào đó có khả năng chào bán.	Một thứ nào đó có khả năng thoả mãn nhu cầu.	Một thứ nào đó có khả năng gây chú ý và kích thích tiêu dùng.	Tất cả các phương án trên.	4
196	Nhu cầu là gì	Là cảm giác thiếu hụt một cái gì mà con người cảm nhận được	Là một nhu cầu đặc thù tương ứng với trình độ văn hoá và nhân cách của cá thể	Là mong muốn được kèm thêm điều kiện có khả năng thanh toán	Tất cả các phương án trên đều đúng	1
197	Nhu cầu con người có đặc điểm gì	Đa dạng phong phú và luôn biến đổi	Đa dạng phong phú và luôn cố định	Cụ thể và luôn biến đổi	Cả A và C	1
198	Hàng hoá là gì	Là những thứ có thể thoả mãn được mong muốn hay nhu cầu, yêu cầu và được cung cấp cho thị trường nhằm mục đích thoả mãn người sản xuất	Là những thứ có thể thoả mãn được mong muốn hay nhu cầu, yêu cầu và được cung cấp cho thị trường nhằm mục đich sthoar mãn người tiêu dùng	Cả A và B	Tất cả đều sai	2
199	Theo Philip thì mối quan hệ giữa nhu cầu cụ thể và hàng hoá ở mấy cấp độ	3	4	5	6	3
200	Tìm câu trả lời sai: Mối quan hệ giữa nhu cầu cụ thể và hàng hoá được thể hiện ở	Nhu cầu cụ thể được thoả mãn một phần	Nhu cầu cụ thể không được thoả mãn	Nhu cầu cụ thể được thoả mãn hoàn toàn	Tất cả đều sai	4
201	Trao đổi là gì	là hành vi trao đổi và nhận một thử gì đó mà cả hai phía mong muốn	Là hành vi trao và nhận một thử gì đó mà cả hai không mong muốn	Là hành vi trao và nhận một thứ gì đó mà chỉ có 1 bên mong muốn	Cả A và C	1
202	Trao đổi cần có mấy điều kiện nào	2	3	4	5	4
203	Để thực hiện giao dịch người ta cần các điều kiện nào	Hai vật có giá trị	Thoả thuận các điều kiện giao dịch	Thời gian và địa điểm được thoả mãn	Tất cả các phương án trên	2
204	Thị trường là gì	là một tập hợp những người mua hàng hiện có và sẽ có	là một tập hợp những người bán hàng hiện có và sẽ có	Là một tập hợp những sản xuất hiện có và sẽ có	Tất cả các phương án trên	1
205	Marketing là gì	là hoạt động của con người nhằm thoả mãn các nhu cầu thông qua trao đổi	Là một quá trình mà ở đó cấu trúc nhu cầu về hàng hoá và dịch vụ được dự đoán và được thoả mãn thôgn qua một quá trình bao gồm nhận thức thúc đẩy và phân phối	Là sự dự đoán, sự điều chỉnh và sự thảo mãn nhu cầu thông qua quá trình trao đổi	Tất cả đều đúng	1
206	Quản lý marketing	Là một quá trình phân tích xây dựng, thực hiện và kiểm tra	Là một quá trình quản lý và kiểm tra	Là một quá trình phân tích và quản lý, kiểm tra	Cả A và B	1
207	Nội dung của quản lý marketing gồm	Quản lý hiện trạng cầu	Quản lý các loại hình chiến lược và hệ thống marketing hỗn hợp	Quan niệm quản lý marketing	Tất cả các phương án trên	4
208	Theo Philip Kotler có mấy quan niệm cơ bản tạo cơ sở cho quá trình quản lý marketing ở các doanh nghiệp	3	4	5 (Quan điểm sát xuất, sản phẩm, bán hàng, marketing đạo đức, theo marketing)	6	3
209	Theo Philip Kotler quan niệm cơ bản tạo cơ sở cho quá trình quản lý Marketing ở các doanh nghiệp gồm	Hoàn thiện sản xuất hàng hoá	Gia tăng nỗ lực thương mại	Quan niệm Marketing và quan niệm đạo đức xã hội	Tất cả cả phương án trên	3
210	Người Mỹ có câu ngạn ngữ vui Nếu hoàn thiện được chiếc bãy chuột thì trời đã tối. Câu ngạn ngữ này muốn nói đến quan niệm nào	Quan niệm Marketing	Quan niệm hoàn thiện sản xuất	Quan niệm gia tăng nỗ lực thương mại	Quan niệm hoàn thiện hàng hoá	4
211	Giải pháp hoàn thiện sản xuất bao gồm	Giải pháp về công nghệ	Về quản lý	Nâng cao kỹ năng của người lao động	Cả a, b, c	4
212	Chỉ bán cái mà khách hàng cần chứu không bán cái doanh nghiệp có Doanh nghiệp vận dụng quan niệm nào	Quan niệm hoàn thiện sản phẩm	quan niệm gia tăng nỗ lực thương mại	Quan niệm Marketing	Quan niệm hoàn thiện sản phẩm	3
213	Nhận định sau đúng hay sai: Những đoạn thị trường có tốc độ tằng trưởng cao luôn có khả năng sinh lời thấp và ổn định	Đúng	Sai			2
214	Một doanh nghiệp bán một sản phẩm với các mức giá khác nhau cho đối tượng khác nhau, doanh nghiệp đó đang thực hiện	Định giá phân biệt	Định giá dựa vào chi phí	Định giá hai phần	Định giá theo thời vụ	1
215	Điều nào sau đây đúng với danh mục hàng hóa	Là một nhóm hàng hóa có liên quan chặt chẽ với nhau và được doanh nghiệp chọn để tổ chức sản xuất và đưa ra thị trường	Là một nhóm hàng hóa có liên quan chặt chẽ với nhau do một người bán cụ thể đem chào bán cho người mua	Là một nhóm hàng hóa có liên quan chặt chẽ với nhau do giống nhau về chức năng hay do bán chung cho cùng một nhóm khash hàng, hay cùng một kiểu phân phối, hay cùng một dãy giá	Là tập hợp các nhóm chủng loại hàng hóa và các đơn vị hàng hóa do một người bán cụ thể đem chào bán cho người mua	4
216	Điều nào sau đây đúng với chủng loại hàng hóa	Là tập hợp các nhóm chủng loại hàng hóa và các đơn vị hàng hóa do một người bán cụ thể đem chào bán cho người mua	Là một nhóm hàng hóa có liên quan chặt chẽ với nhau do giống nhau về chức năng hay do bán chung cho cùng một nhóm khash hàng, hay cùng một kiểu phân phối, hay cùng một dãy giá	Là một nhóm hàng hóa có liên quan chặt chẽ với nhau do một người bán cụ thể đem chào bán cho người mua	Là một nhóm hàng hóa có liên quan chặt chẽ với nhau và được doanh nghiệp chọn để tổ chức sản xuất và đưa ra thị trường	2
217	Sự cân đối lợi nhuận của doanh nghiệp, thỏa mãn nhu của khcash hàng với lợi ích xã hội là một đòi hỏi với nhà marketing theo quan điểm	Định hướng sản phẩm	Đạo đức xã hội	Định hướng sản xuất	Định hướng thị trường	2
218	Để tìm kiếm đoạn thị trường có hiệu quả, việc phân đoạn thị trường cần đảm bảo một số yêu cầu cơ bản sau, ngoại trừ	Không có sự khác biệt giữa các đoạn thị trường	Có tính khả thi	Có thể phân biệt được	Đo lường được và có quy mô đủ lớn	1
219	Khái niệm sản phẩm theo quan điểm của marketing liên quan đến	Bất cứ cái gì mang lại lợi ích cho khách hàng	Bất cứ cái gì mang lại lợi ích cho khách hàng và có thể đem ra chào bán trên thị trường, thu hút sự chú ý mua sắm và sử dụng của khách hàng	Bất cứ cái gì khách hàng có thể mua	Bất cứ cái gì có thể marketing	2
220	Phân đoạn thị tường theo nguyên tắc hàn vi phải dựa vào các biến số, ngoại trừ	Lối sống	lơị ích tìm kiếm	Lý do mua hàng	Mức độ trung thành	1
221	Chiến lược marketing phân biệt được hiểu là	Xây dựng chiến lược marketing mix cho tất cả các phân đoạn thị trường khác nhau	Xây dựng chiến lược mar mix cho các đoạn thị trường khác nhau	Xây dựng chiến lược mar mix khác nhau cho các đoạn thị trường khác nhau	Xây dựng chiến lược mar mix khác nhau cho các đoạn thị trường tổng thể	3
222	Trao đổi không thể xảy ra nếu thiếu điều kiện sau, ngoại trừ	Hai bên đều có khả năng thực hiện hành vi trao đổi	Các bên được tự do trao đổi	Có hai bên có những vật có giá trị đối với bên kia và có ý định trao đổi	Hai bên được một bên nào đó thúc đẩy trao đổi	4
223	Đoạn thị trường có hiệu quả được hiểu là	Một nhóm khashc hàng mà doanh nghiệp có khả năng đáp ứng nhu cầu của họ	Một nhóm khách hàng mà doanh nghiệp có khả năng đáp ứng mong muốn của họ	Có một quy mô đủ lớn để tạo ra dòng tiền thu lớn hơn dòng tiền chi cho doanh nghiệp	Bao gồm cả ba điều kiện trên	4
224	Đánh giá để lựa chọn thị trường mục tiêu cần dựa vào các tiêu thức sau, ngoại trừ	Quy mô và tăng trưởng của thị trường	Ý đồ của lãnh đạo doanh nghiệp	Mục tiêu và khả năng của thị trường	Sự hấp dẫn của thị trường	2
225	Phân đoạn thị trường dựa trên hành vi của khách hàng bao gồm các tiêu thức, ngoại trừ	Động cơ	Sự chung thành	Lợi ích mua hàng	Lý do mua hàng	1
226	Định vị thị trường là thiết kế sản phẩm và hình ảnh của doanh nghiệp nhằm	Chiếm được một vị trí có giá trị trong tâm trí khách hàng mục tiêu	Tất cả các đáp án trên đều đúng	Khuyến trương những điểm khác biệt	Chiếm được một vị trí đặc biệt trong tâm trí khách hàng mục tiêu	2
227	Trong những điều kiện nêu ra dưới đây, điều kiện nào không nhất thiết phải thỏa mãn mà sự trao đổi tự nguyện vẫn diễn ra	Mỗi bên được tự do chấp nhận hoặc từ chối đề nghị của bên kia	Mỗi bên phải khả năng giao tiếp và giao hàng	Ít nhất phải có hai bên	Phải có sự trao đổi tiền giữa hai bên	2
228	Đặt cửa hàng quần áo nữ trong ký túc xá sinh viên nữ là doanh nghiệp lựa chọn thị trường mục tiêu theo phương thức	Tập trung vào một đoạn thị trường	Chuyên môn hóa theo sản phẩm	Chuyên môn hóa theo thị trường	Tập trung vào một số đoạn thị trường	1
229	Phân đoạn trhij trường theo nguyên tắc tâm lý phải dựa vào các biến số, ngoại trừ	Giai tầng xã hội	Kiểu nhân cách	Lối sống	Mức độ trung thành	4
230	Chiến lược marketing không phân biệt được áp dụng cho đoạn thị trường mục tiêu của doanh nghiệp được hiểu là việc	Áp dụng nhiều hệ thống marketing mix cho nhiều đoạn thị trường 	Áp dụng một hệ thống marketing - mix cho các đoạn thị trường	Áp dụng nhiều hệ thống marketing mix cho các đoạn thị trường khác nhau	Áp dụng một hệ thống marketing - mix cho thị trường tổng thể	4
231	Chọn một đoàn dưới đây để điền vào phần trống trong khái niệm______. là tập hợp các đơn vị sản phâm do motojnguowif bán cụt hể đem chào bán cho người mua	Danh mục sản phẩm	Bề sấu sản phẩm	Bề rộng sản phẩm	Chủng loại sản phẩm	1
232	Phân đoạn thị trường theo cơ sở địa lý bao gồm các tiêu thức sau ngoại trừ	Khí hậu	Quy mô gia đình	Vùng miền	Mật độ dân cư	2
233	Chiến lược bám chắc thị trường thường là	Đặt giá thấp nhằm theo đuổi mục tiêu giành được thị phần lớn hơn	Đặt giá thấp nhằm hướng tới lợi nhuận trong dài hạn trên cơ sở có được thị phần lớn trong hiện tại kết hợp với yếu tố hiệu quả theo quy mô 	Không có phương án nào đúng	Đặt giá thấp nhằm hướng tới lợi nhuận trong dài hạn trên cơ sở có được thị phần lớn trong hiện tại	4
234	Đối với hoạt động kinh doanh của doanh nghiệp	Đảm bảo cho hoạt động kinh doanh của doanh nghiệp hướng theo thị trường	Thu hút và giữ người lao động giòi cho doanh nghiệp	Tăng giá trị cho doanh nghiệp	Đảm bảo đầy đủ, kịp thời nguồn tài chính cần thiết cho hoạt động sản xuất và tác nghiệp	1
235	Dựa vào nhu cầu tự nhiên của con người, nhà kinh doanh sẽ xác định được	Mong muốn của từng người hoặc một tập hợp người	Các thông số và đặc tính cụ thể của sản phẩm mà thị trường cần	Khả năng thanh toán của khách hàng	Một chủng loại sản phẩm để đáp ứng một loại nhu cầu	4
236	Thuật ngữ nào đúng với phần trống trong khái niệm sau. Là một nhóm khách hàng có phản ứng như nhau đối với một tập hợp những kích thích marketing	Người tiêu dùng	Nhóm khách hàng	Thị trường	Đoạn thị trường	4
237	Những tiêu thức sau đây thuộc nhóm nhân khẩu học dùng để phân đoạn thị trường, ngoại trừ	Lối sống	Giới tính	Tuổi tác	Thu nhập	1
238	Phân đoạn thị trường dựa trên tâm lý khách hàng bao gồm các tiêu thức sau, ngoại trừ	Lòng tự hào về quyền sở hữu	Thái độ, cá tính	Lối sống	Lý do mua hàng	4
239	Thuật ngữ nào đúng với phần trống trong khái niệm sau ____ là một nhóm khách hàng có phản ứng như nhau đối với một tập hợp những kích thích marketing	Thị trường	Người tiêu dùng	Đoạn thị trường	Nhóm khách hàng	3
240	Đánh giá để lựa chọn thị trường mục tiêu cần dựa vào các tiêu thức sau, ngoại trừ	Mục tiêu và khả năng của doanh nghiệp	Qui mô và tăng trưởng của thị trường	Ý đồ của lãnh đạo doanh nghiệp	Sự hấp dẫn của thị trường	3
241	Những yếu tố nào không thuộc sản phẩm hiện thực	Bao bì	Dịch vụ lắp đặt	Chất lượng	Nhãn hiệu	2
242	Yếu tố nào dưới đây không tham gia vào quyết định về chính sách sản phẩm của doanh nghiệp	Các chương trình khuyến mãi đi kèm sản phẩm	Việc đóng gói sản phẩm	Việc đặt tên hiệu sản phẩm	Tính chất của sản phẩm	1
243	Mục tiêu đảm bảo sống sót có nghĩa là	Đặt mức giá thấp nhất có thể, chỉ cần không lỗ	Có thể đặt giá thấp hơn tổng chi phí sản xuất	Đặt một mức giá có thể thấp hơn tổng chí phí sản xuất nhưng bắt buộc phải cao hơn chi phí biến đổi	Cả A, B và C	4
244	Đặt cửa hàng bán quần áo nữ trong ký túc xá sinh viên nữ là doanh nghiệp lựa chọn thị trường mục tiêu theo phương thức	Tập trung vào một đoạn thị trường	Chuyên môn hóa theo thị trường	Tập trung vào một số đoạn thị trường	Chuyên môn hóa theo sản phẩm	1
245	Khái niệm sản phẩm theo quan điểm của marketing liên quan đến	Baất cứ cái gì có thể marketing	Bất cứ cái gì mang lại lợi ích cho khách hàng	Bất cứ cái gì mang lại lợi ích cho khách hàng và có thể đem ra chào bán trên thị trường, thu hút sự chú ý mua sắm và sử dụng của khách hàng	Bất cứ cái gì khách hàng có thể mua	3
246	Định vị thị trường là thiết kế sản phẩm và hình ảnh của doanh nghiệp nhằm	Tất các đáp án trên đều đúng	Chiếm được một vị trí có giá trị trong tâm trí khách hàng mục tiêu	Khuyếch trương những đặc điểm khác biệt	Chiếm được một vị trí đặc biệt trong tâm trí khách hàng mục tiêu	1
247	Phân đoạn thị trường dựa trên hành vi của khách hàng bao gồm các tiêu thức ngoại trừ	Sự chung thành	Lợi ích mua hàng	Đoộng cơ	Lý do mua hàng	3
248	Hiểu một cách đầy đủ, marketing là công việc thuộc về	Bên nào tích cực hơn trong việc tím kiếm cách trao đổi với bên kia	Những người kinh doanh thương mại	Người mua	Người bán	1
249	Phân đoạn thị trường theo cơ sở địa lý bao gồm các tiêu thức sau, ngoại trừ	Vùng miền	Maật độ dân cư	Khí hậu	Quy mô gia đình	4
250	Phân đoạn thị trường theo nguyên tắc hành vi phải dựa vào các biến số, ngoại trừ	Lối sống	Mức độ trung thành	Lợi ích tìm kiếm	Lý do mua hàng	1
251	Trong những điều kiện nêu ra dưới đây, điều kiện nào không nhất thiết phải thỏa mãn sự trao đổi tự nguyện vẫn diễn ra	Phải có sự trao đổi tiền giữa hai bên	Moỗi bên được tự do chấp nhận hoặc từ chối đề nghị của bên kia	Mỗi bên phải khả năng giao tiếp và giao hàng	Ít nhất phải có 2 bên	1
252	Các yếu tố bên trong ảnh hưởng tới quyết định của doanh nghiệp bao gồm	Các mục tiêu marketing và chi phí	Chiến lược định vị và 3P	Các mục tiêu marketing, chi phí, chiến lược định vị và 3p và motoj số yếu tố khác như ai là người quyết định giá	Các mục tiêu marketing, chi phí, chiến lược định vị và 3P	3
253	Chiến lược marketing phân biệt được hiểu là việc	Xây dựng các chiến lược marketing - mix khác nhau cho các đoạn thị trường tổng thể	Xây dựng một chiến lược marketing - mix cho các đoạn thị trường khác nhau	Xây dựng một chiến lược marketing - mix cho tất cả các đoạn thị trường khác nhau	Xây dựng các chiến lược marketing - mix khác nhau cho các đoạn thị trường khác nhau	4
254	Điều nào sau đây đúng với chủng loại hàng hóa	Là một nhóm hàng hóa có liên quan chặt chẽ với nhau do một người bán cụ thể đem chào bán cho người mua	Là tập hợp các nhóm chủng loại hàng hóa và các đơn vị hàng hóa do một người bán cụ thể đem chào bán cho người mua	Là một nhóm hàng hóa có liên quan chặt chẽ với nhau do giống nhau về chức năg hay do bán chung cho cùng một nhóm khách hàng, hay cùng một kiểu phân phối hay cùng một dãy giá	Là một nhóm hàng hóa có liên quan chặt chẽ với nhau và được doanh nghiệp chọn để tổ chức sản xuất và đưa ra thịt rường	3
255	Có thể khẳng định rằng	Marketing và quảng cáo là hai hoạt động đồng nhất	Bán hàng là một khâu của hoạt động marketing	Marketing và bán hàng là hai hoạt động đồng nhất	Marketing và tiếp thị là hai hoatrj động đồng nhất	2
256	Đoạn thị trường có hiệu quả được hiểu là	Một nhóm khách hàng mà doanh nghiệp có khả năng đáp ứng nhu cầu của họ	Một nhóm khách hàng mà doanh nghiệp có khả năng đáp ứng mong muốn của họ	Có quy mô đủ lớn để tạo ra dòng tiền thu lớn hơn dòng tiền chi cho doanh nghiệp	Bao gồm cả ba điều kiện trên	4
257	Chiến lược bám chắc thị trường là	Đặt giá thấp nhằm theo đuổi mục tiêu giành được thị phần lớn	Không có phương án nào bên trên là đúng	Đặt giá thấp nhằm hướng tới lợi nhuận trong dài hạn trên cơ sở có được thị phần lớn trong hiện tại kết hợp với yếu tố hiệu quả theo theo quy mô	Đặt giá thấp nhằm hướng tới lợi nhuận trong dài hạn trên cơ sở có được thị phần lớn trong hiện tại	3
258	Chọn và điền vào khoảng trống câu để hoàn chỉnh câu: Nhãn hiệu là ____. được dùng để xác nhận sản phẩm của moọt người bán hay nhóm người bán để phân biệt chúng với sản phẩm của đối thủ cạnh tranh	Từ ngữ, thuật ngữ, biểu trưng, hình vẽ hoặc/và sự phối hợp giữa chúng	Từ ngữ, thuật ngữ, biểu trưng, hình vẽ và sự phối hợp giữa chúng	Tên gọi, thuật ngữ, biểu trưng, hình vẽ hoặc sự phối hợp giữa chúng	Thương hiệu của hàng hóa	1
259	Chiến lược định giá Hớt phần ngon cho sản phẩm mới là	Đặt giá cao hơn đối thủ cạnh tranh chính	Đặt giá cao nhất so với các đối thủ cạnh tranh trong ngành	Đặt giá cao nhất có thể	Đặt giá cao nhất	3
260	Chiến lược marketing không phân biệt được áp dụng cho đoạn thị trường mục tiêu của doanh nghiệp được hiểu là việc	Áp dụng nhiều hệ thống marketing - mix cho nhiều đoạn thị trường	Áp dụng cho một hệ thống marketing - mix cho thị trường tổng thể	Áp dụng một hệ thống marketing - mix các đoạn thị trường	Áp dụng nhiều hệ thống marketing - mix cho các đoạn thị trường khác nhau	2
261	Quan điểm tập trung vào sản xuất cho rằng: để thành công, doanh nghiệp cần ____	Kích thích nhu cầu khách hàng để tăng lượng bán	Hoàn thiện sản phẩm để thỏa mãn nhu cầu của khách hàng	Sản xuất sản phẩm với khối lượng lớn và mức giá rẻ	Baảo đảm lợi ích của khách hàng. doanh nghiệp và toàn xã hội	3
262	Theo quan điểm marketing hiện đại, marketing là	 Một dạng hoạt động của con người nhằm thỏa mãn những nhu cầu và mong muốn thông qua trao đổi	Một dạng hoạt động của tổ chức nhằm thỏa mãn những nhu cầu và mong muốn thông qua trao đổi	Một dạng hoạt động của người tiêu dùng nhằm thỏa mãn nhưng nhu cầu và mong muốn thông qua trao đổi	Một dạng hoạt động của cá nhân thỏa mãn những nhu cầu và mong muốn thông qua trao đổi	1
263	Theo góc độ người mua, giá là	Khoản tiền mà người mua phải trả cho người bán để có quyền sở hữu và sử dụng sản phẩm	Khoản tiền mà người bán đã tính toán hợp lý dựa trên giá thành sản xuất và lợi nhuận mong muốn của họ	Khoản tiền mà người mua phải trả cho người bán, nên họ mong muốn trả càng thấp càng tốt	Khoản tiền tương ứng với giá trị của sản phẩm	1
264	Chọn một đoạn dưới đây để điền vào phần trống trong khái niệm _____ là tập hợp các đơn vị sản phẩm do một người bán cụ thể đem chào bán cho người mua	Bêề sâu chủng loại sản phẩm	Bề rộng chủng loại sản phẩm	Danh mục sản phẩm	Chủng loại sản phẩm	3
265	Phân đoạn thị trường theo nguyên tắc tâm lý phải dựa vào các biến số, ngoại trừ	Giai tầng xã hội	Lối sống	 Mức độ trung thành	Kiểu nhân cách	3
266	Theo quan điểm marketing, bất cứ thứ gì mang lại sự thoả mãn cho nhu cầu con người và có thể chào bán trên thị trường đều được gọi là:	A. Một vật có giá trị.	C. Một vật có thể mua bán.	B. Sản phẩm.	D. Một vật quan trọng.	3
267	Năm lực lượng cạnh tranh trên thị trường ngành của Michael Porter được các doanh nghiệp sử dụng để:	A. Xác định mức độ cạnh tranh trong ngành	B. Xác định mức độ hấp dẫn của đoạn thị trường	C. Định vị sản phẩm	D. Hoạch định chính sách marketing hỗn hợp	2
268	Chiến lược marketing của doanh nghiệp hướng tới một nhóm người tiêu dùng được gọi là:	A. Chiến lược marketing tiêu dùng	B. Chiến lược marketing mục tiêu	C. Chiến lược marketing nhằm thúc đẩy bán lẻ	D. Chiến lược marketing củng cố thị trường nội địa.	2
269	10. Giai đoạn thứ nhất trong quá trình đi đến quyết định mua của người tiêu dùng là:	A. Tìm kiếm thông tin.	B. Tìm kiếm bằng trí nhớ.	C. Đánh giá các phương án.	D. Nhận thức nhu cầu.	3
270	12. Trao đổi không thể xảy ra được nếu thiếu các điều kiện sau đây, ngoại trừ:	A. Có hai bên có những vật có giá trị đối với bên kia và có ý định trao đổi.	B. Hai bên được một bên nào đó thúc đẩy trao đổi.	C. Các bên được tự do trao đổi.	D. Hai bên đều có khả năng thực hiện hành vi trao đổi.	2
271	14. Khác nhau cơ bản của quan điểm bán hàng và quan điểm marketing là:	A. Bán hàng bắt đầu từ nghiên cứu nhu cầu của khách hàng.	B. Bán hàng nhằm mục tiêu đạt lợi nhuận nhờ tăng lượng bán.	C. Bán hàng tập trung vào sự hiểu biết nhu cầu của khách hàng.	D. Bán hàng sử dụng công cụ marketing - mix.	2
272	15. Marketing mục tiêu được hiểu là:	A. Tập trung sản xuất ra sản phẩm và tìm cách bán chúng.	B. Kích thích nhu cầu mua sắm của khách hàng để bán hàng.	C. Nghiên cứu và tìm cách thoả mãn nhu cầu của khách hàng trên cơ sở bảo đảm lợi ích khách hàng và mục tiêu của doanh nghiệp.	D. Hoàn thiện sản phẩm để đáp ứng nhu cầu của khách hàng.	3
273	17. Trong những điều kiện nêu ra dưới đây, điều kiện nào không nhất thiết phải thoả mãn mà sự trao đổi tự nguyện vẫn diễn ra:	A. Ít nhất phải có 2 bên	B. Phải có sự trao đổi tiền giữa hai bên	C. Mỗi bên phải khả năng giao tiếp và giao hàng	D. Mỗi bên được tự do chấp nhận hoặc từ chối đề nghị của bên kia.	2
274	Quan điểm marketing tập trung vào.............. cho rằng người tiêu dùng ưa thích những sản phẩm có chất lượng, tính năng và hình thức tốt nhất và vì vậy doanh nghiệp cần tập trung nỗ lực không ngừng để cải tiến sản phẩm.	A. Sản xuất	B. Sản phẩm	C. Marketing 	D. Bán hàng	2
275	23. Theo quan điểm marketing, thị trường tiềm năng là:	A. Là tổng thể những người mua sản phẩm của doanh nghiệp.	B. Là những khách hàng đang và sẽ mua sản phẩm của doanh nghiệp.	C. Là tập hợp những người chưa mua sản phẩm của doanh nghiệp và đang mua sản phẩm của người cạnh tranh.	D. Là thị trường hiện tại của doanh nghiệp cộng với thị trường mở rộng mới của doanh nghiệp.	2
276	24. Trình tự của các câu hỏi trong phiếu điều tra khách hàng có thể sắp xếp:	A. Bất kỳ theo ý muốn của người điều tra.	B. Câu hỏi khó trả lời hoặc mang tính chất cá nhân nên để lên trước.	C. Câu hỏi khó trả lời hoặc mang tính chất cá nhân nên để sau.	D. Xen kẽ các câu hỏi theo ý đồ của người điều tra.	3
277	27. Động cơ của người mua được hiểu là:	A. Hành vi mang tính định hướng.	B. Nhu cầu đã trở nên bức thiết mà con người phải hành động để thoả mãn.	C. Là một trạng thái kích thích của môi trường.	D. Là một loại nhu cầu ở thứ hạng cao.	2